Time,SpineBaseX,SpineBaseY,SpineBaseZ,SpineBaseTracked,SpineMidX,SpineMidY,SpineMidZ,SpineMidTracked,NeckX,NeckY,NeckZ,NeckTracked,HeadX,HeadY,HeadZ,HeadTracked,ShoulderLeftX,ShoulderLeftY,ShoulderLeftZ,ShoulderLeftTracked,ElbowLeftX,ElbowLeftY,ElbowLeftZ,ElbowLeftTracked,WristLeftX,WristLeftY,WristLeftZ,WristLeftTracked,HandLeftX,HandLeftY,HandLeftZ,HandLeftTracked,ShoulderRightX,ShoulderRightY,ShoulderRightZ,ShoulderRightTracked,ElbowRightX,ElbowRightY,ElbowRightZ,ElbowRightTracked,WristRightX,WristRightY,WristRightZ,WristRightTracked,HandRightX,HandRightY,HandRightZ,HandRightTracked,HipLeftX,HipLeftY,HipLeftZ,HipLeftTracked,KneeLeftX,KneeLeftY,KneeLeftZ,KneeLeftTracked,AnkleLeftX,AnkleLeftY,AnkleLeftZ,AnkleLeftTracked,FootLeftX,FootLeftY,FootLeftZ,FootLeftTracked,HipRightX,HipRightY,HipRightZ,HipRightTracked,KneeRightX,KneeRightY,KneeRightZ,KneeRightTracked,AnkleRightX,AnkleRightY,AnkleRightZ,AnkleRightTracked,FootRightX,FootRightY,FootRightZ,FootRightTracked,SpineShoulderX,SpineShoulderY,SpineShoulderZ,SpineShoulderTracked,HandTipLeftX,HandTipLeftY,HandTipLeftZ,HandTipLeftTracked,ThumbLeftX,ThumbLeftY,ThumbLeftZ,ThumbLeftTracked,HandTipRightX,HandTipRightY,HandTipRightZ,HandTipRightTracked,ThumbRightX,ThumbRightY,ThumbRightZ,ThumbRightTracked0.0079548, 0.9497292, -0.4046026, 1.750463, Tracked, 0.9718874, -0.07812512, 1.838295, Tracked, 0.9871719, 0.2371269, 1.912472, Tracked, 1.046618, 0.3321535, 1.959451, Tracked, 0.7682426, 0.1494205, 1.819545, Tracked, 0.5025895, 0.2299649, 1.773141, Tracked, 0.2668478, 0.3235519, 1.719207, Tracked, 0.2393896, 0.3212208, 1.72335, Tracked, 1.254806, 0.06748401, 1.983849, Tracked, 1.45396, 0.02886083, 2.035553, Inferred, 1.250106, 0.1078096, 1.953053, Inferred, 1.19449, 0.108355, 1.959077, Tracked, 0.8668838, -0.3883142, 1.709458, Tracked, 0.7841071, -0.698477, 1.613156, Tracked, 0.7391475, -0.9650478, 1.597533, Inferred, 0.7526889, -0.994357, 1.467515, Inferred, 0.9944783, -0.403997, 1.722813, Tracked, 1.036477, -0.7060905, 1.658593, Tracked, 1.086942, -0.978512, 1.624952, Inferred, 1.117459, -0.9903641, 1.49834, Inferred, 0.9845245, 0.1597939, 1.896226, Tracked, 0.1964078, 0.3200636, 1.733109, Tracked, 0.2691708, 0.3480332, 1.689929, Tracked, 1.141241, 0.1200577, 1.919627, Tracked, 1.177932, 0.1354524, 1.961, Tracked,
0.0400368, 0.9494647, -0.4037224, 1.750334, Tracked, 0.9717324, -0.07742108, 1.838576, Tracked, 0.9871148, 0.2376063, 1.913014, Tracked, 1.04549, 0.3331584, 1.96093, Tracked, 0.7679557, 0.1495375, 1.819955, Tracked, 0.5022097, 0.2343106, 1.773607, Tracked, 0.2675688, 0.3277335, 1.718737, Tracked, 0.239461, 0.3268377, 1.724606, Tracked, 1.253856, 0.07066406, 1.98422, Tracked, 1.453383, 0.03553468, 2.036606, Inferred, 1.249284, 0.1131316, 1.953377, Inferred, 1.193293, 0.109192, 1.957752, Tracked, 0.8666564, -0.3875799, 1.70967, Tracked, 0.7840133, -0.6983421, 1.6131, Tracked, 0.7393151, -0.9643945, 1.596728, Inferred, 0.7527835, -0.993345, 1.466518, Inferred, 0.9942142, -0.4030487, 1.722146, Tracked, 1.036563, -0.7062315, 1.658742, Tracked, 1.086949, -0.977681, 1.625992, Inferred, 1.11748, -0.9897221, 1.499423, Inferred, 0.9844404, 0.160329, 1.896713, Tracked, 0.1953711, 0.3288357, 1.736503, Tracked, 0.2708473, 0.354751, 1.69148, Tracked, 1.147135, 0.1288893, 1.934133, Tracked, 1.183878, 0.1326897, 1.959291, Tracked,
0.0732824, 0.9491718, -0.4022301, 1.750169, Tracked, 0.9713812, -0.07617614, 1.839057, Tracked, 0.9867027, 0.2385599, 1.91402, Tracked, 1.045088, 0.3341987, 1.96127, Tracked, 0.7673751, 0.1503149, 1.820866, Tracked, 0.5023071, 0.2357264, 1.773963, Tracked, 0.265841, 0.3288698, 1.719312, Tracked, 0.2384365, 0.3339594, 1.724058, Tracked, 1.253901, 0.07394832, 1.985258, Tracked, 1.454284, 0.04050758, 2.035937, Inferred, 1.249204, 0.1165084, 1.953688, Inferred, 1.192016, 0.1123525, 1.957855, Tracked, 0.8663232, -0.3863333, 1.709872, Tracked, 0.784013, -0.6983551, 1.613026, Tracked, 0.7397888, -0.9633511, 1.596638, Inferred, 0.7531632, -0.9922155, 1.466351, Inferred, 0.9940372, -0.4015015, 1.721468, Tracked, 1.036639, -0.7061058, 1.658874, Tracked, 1.086753, -0.9763368, 1.62704, Inferred, 1.117275, -0.9885775, 1.5005, Inferred, 0.984041, 0.1613557, 1.897595, Tracked, 0.1963081, 0.3348114, 1.739409, Tracked, 0.2685468, 0.3612721, 1.691682, Tracked, 1.101829, 0.1497706, 1.898695, Tracked, 1.169093, 0.1354925, 1.952167, Tracked,
0.1071768, 0.9487412, -0.4014667, 1.750139, Tracked, 0.9712259, -0.07575009, 1.839393, Tracked, 0.9867584, 0.2387346, 1.914743, Tracked, 1.04416, 0.3348214, 1.962136, Tracked, 0.7673056, 0.1504572, 1.821059, Tracked, 0.5048223, 0.2414156, 1.774209, Tracked, 0.2664631, 0.3406364, 1.71605, Tracked, 0.2451525, 0.3402182, 1.725693, Tracked, 1.253314, 0.0760141, 1.985673, Tracked, 1.454689, 0.0478963, 2.035638, Inferred, 1.248683, 0.1219702, 1.953958, Inferred, 1.190386, 0.116291, 1.959979, Tracked, 0.8659853, -0.3855934, 1.709867, Tracked, 0.7838259, -0.6983807, 1.612815, Tracked, 0.742674, -0.9626262, 1.584633, Inferred, 0.7569718, -0.9864486, 1.452492, Inferred, 0.9935993, -0.4008927, 1.721367, Tracked, 1.036684, -0.7061689, 1.658873, Tracked, 1.086939, -0.9756312, 1.627239, Inferred, 1.117522, -0.9878507, 1.500718, Inferred, 0.984035, 0.1615971, 1.898205, Tracked, 0.1969747, 0.3387146, 1.739304, Tracked, 0.2459611, 0.3702143, 1.703572, Tracked, 1.101829, 0.1497706, 1.898695, Tracked, 1.172419, 0.1412363, 1.957667, Tracked,
0.1402783, 0.9488332, -0.4003718, 1.750086, Tracked, 0.9711285, -0.07448305, 1.839849, Tracked, 0.9864746, 0.2400003, 1.915663, Tracked, 1.043662, 0.3362719, 1.962815, Tracked, 0.7667934, 0.1512041, 1.821734, Tracked, 0.505741, 0.2472869, 1.774029, Tracked, 0.2652837, 0.3406947, 1.717751, Tracked, 0.2428204, 0.3464719, 1.724226, Tracked, 1.253725, 0.07886052, 1.986524, Tracked, 1.456508, 0.05528462, 2.033784, Inferred, 1.248959, 0.1264163, 1.953433, Inferred, 1.186708, 0.1205523, 1.958718, Tracked, 0.8659897, -0.3844923, 1.7099, Tracked, 0.7839232, -0.6982262, 1.611944, Tracked, 0.7445813, -0.9617207, 1.582759, Inferred, 0.7591395, -0.9849334, 1.450466, Inferred, 0.9937896, -0.3999652, 1.721192, Tracked, 1.036613, -0.7061526, 1.658875, Tracked, 1.086364, -0.9750183, 1.6275, Inferred, 1.116821, -0.9873314, 1.500926, Inferred, 0.9837964, 0.1628717, 1.899021, Tracked, 0.2001073, 0.3479845, 1.737334, Tracked, 0.2706609, 0.3723517, 1.68875, Tracked, 1.102599, 0.1498809, 1.900028, Tracked, 1.170937, 0.1421714, 1.958333, Tracked,
0.1753079, 0.9482639, -0.3995032, 1.749972, Tracked, 0.9708195, -0.0740585, 1.840017, Tracked, 0.9863318, 0.2401098, 1.915927, Tracked, 1.042834, 0.3367173, 1.963517, Tracked, 0.766094, 0.1517217, 1.822285, Tracked, 0.5061518, 0.2509379, 1.773671, Tracked, 0.2644413, 0.3414561, 1.718965, Tracked, 0.2416113, 0.3524161, 1.723528, Tracked, 1.253469, 0.08004608, 1.986333, Tracked, 1.456554, 0.05972701, 2.033651, Inferred, 1.248311, 0.1288531, 1.953308, Inferred, 1.190058, 0.1200434, 1.960525, Tracked, 0.8654085, -0.3837132, 1.709914, Tracked, 0.7839453, -0.6982434, 1.611878, Tracked, 0.7466955, -0.9614233, 1.582528, Inferred, 0.7615556, -0.9843405, 1.450218, Inferred, 0.993289, -0.3991193, 1.720902, Tracked, 1.037012, -0.7054777, 1.658754, Tracked, 1.087436, -0.973985, 1.627574, Inferred, 1.117869, -0.986246, 1.500976, Inferred, 0.9836219, 0.1630428, 1.899268, Tracked, 0.2029788, 0.3612372, 1.736935, Tracked, 0.2694542, 0.380732, 1.690875, Tracked, 1.091812, 0.1491112, 1.89071, Tracked, 1.168175, 0.139829, 1.952892, Tracked,
0.2073548, 0.9481964, -0.3988773, 1.749766, Tracked, 0.9706126, -0.07386395, 1.840013, Tracked, 0.98589, 0.2400045, 1.916036, Tracked, 1.041715, 0.3368998, 1.963614, Tracked, 0.7656437, 0.1519926, 1.822803, Tracked, 0.5077192, 0.2546281, 1.773663, Tracked, 0.3079654, 0.3606938, 1.735312, Tracked, 0.2484962, 0.3599759, 1.721539, Tracked, 1.253287, 0.08087542, 1.986065, Tracked, 1.457078, 0.06225428, 2.031587, Inferred, 1.247915, 0.1298427, 1.952371, Inferred, 1.186667, 0.1207035, 1.956532, Tracked, 0.8653274, -0.3832611, 1.709809, Tracked, 0.7842444, -0.7000764, 1.611343, Tracked, 0.7465941, -0.9610981, 1.581814, Inferred, 0.7610751, -0.9838507, 1.449331, Inferred, 0.9932587, -0.3983775, 1.720547, Tracked, 1.037009, -0.7054892, 1.658756, Tracked, 1.087216, -0.9734622, 1.627975, Inferred, 1.117535, -0.9858333, 1.50134, Inferred, 0.98327, 0.1630301, 1.899347, Tracked, 0.2080667, 0.3724986, 1.732548, Tracked, 0.2864232, 0.3874347, 1.694182, Tracked, 1.104387, 0.1519714, 1.90686, Tracked, 1.173832, 0.1381653, 1.954757, Tracked,
0.2397968, 0.9478791, -0.397852, 1.750006, Tracked, 0.9700375, -0.07246541, 1.840737, Tracked, 0.9851393, 0.2414813, 1.917216, Tracked, 1.040938, 0.338467, 1.964106, Tracked, 0.7651868, 0.1526846, 1.823328, Tracked, 0.5101228, 0.2567699, 1.773156, Tracked, 0.3180827, 0.3839783, 1.724186, Tracked, 0.2691918, 0.3687199, 1.723664, Tracked, 1.250627, 0.08399901, 1.984717, Tracked, 1.453673, 0.059311, 2.030825, Inferred, 1.246909, 0.1337325, 1.95162, Inferred, 1.184651, 0.1259586, 1.958765, Tracked, 0.8650562, -0.3825005, 1.71003, Tracked, 0.7843763, -0.6995598, 1.611534, Tracked, 0.7476732, -0.9607962, 1.584271, Inferred, 0.7620549, -0.9843067, 1.452049, Inferred, 0.9929355, -0.3971872, 1.720752, Tracked, 1.036951, -0.7054762, 1.658858, Tracked, 1.086959, -0.9724096, 1.628147, Inferred, 1.117043, -0.9847814, 1.501378, Inferred, 0.9825487, 0.1645002, 1.900429, Tracked, 0.2164619, 0.3703032, 1.7226, Tracked, 0.268645, 0.3940053, 1.695522, Tracked, 1.10117, 0.1526336, 1.902202, Tracked, 1.169602, 0.1460346, 1.9576, Tracked,
0.2739906, 0.9476603, -0.3968915, 1.75007, Tracked, 0.9698885, -0.07172275, 1.840962, Tracked, 0.9850902, 0.2419134, 1.917492, Tracked, 1.040844, 0.3389849, 1.964091, Tracked, 0.7649874, 0.1535778, 1.823951, Tracked, 0.5118013, 0.2584458, 1.773907, Tracked, 0.3167937, 0.372182, 1.733192, Tracked, 0.2553917, 0.3699841, 1.721986, Tracked, 1.249479, 0.08558651, 1.98361, Tracked, 1.452522, 0.06348285, 2.030604, Inferred, 1.247667, 0.1427446, 1.951292, Inferred, 1.182099, 0.130542, 1.95938, Inferred, 0.8647787, -0.3817348, 1.710204, Tracked, 0.7848352, -0.6991274, 1.611492, Tracked, 0.7475303, -0.9601932, 1.584111, Inferred, 0.7614774, -0.9836719, 1.451745, Inferred, 0.9928045, -0.3960866, 1.720658, Tracked, 1.036942, -0.7053183, 1.658917, Tracked, 1.086737, -0.9715046, 1.628455, Inferred, 1.1166, -0.9839621, 1.501586, Inferred, 0.9824728, 0.1650023, 1.900703, Tracked, 0.2139093, 0.3800026, 1.724567, Tracked, 0.2841998, 0.3956298, 1.691334, Tracked, 1.103454, 0.1548021, 1.909419, Tracked, 1.179517, 0.1463066, 1.962375, Tracked,
0.3087596, 0.9475926, -0.3963242, 1.750104, Tracked, 0.9699118, -0.07147301, 1.841001, Tracked, 0.9851526, 0.2419568, 1.917511, Tracked, 1.040293, 0.3393122, 1.964186, Tracked, 0.7646787, 0.154123, 1.824259, Tracked, 0.5123363, 0.2608412, 1.773627, Tracked, 0.3217988, 0.3849694, 1.723197, Tracked, 0.2701188, 0.3757988, 1.722417, Tracked, 1.248382, 0.08677483, 1.982132, Tracked, 1.450787, 0.06147958, 2.030089, Inferred, 1.247032, 0.143068, 1.950339, Inferred, 1.183483, 0.1327467, 1.959121, Inferred, 0.8646569, -0.3811316, 1.710198, Tracked, 0.7850555, -0.6988852, 1.611385, Tracked, 0.7488762, -0.9598471, 1.582989, Inferred, 0.7628024, -0.9827878, 1.450416, Inferred, 0.992793, -0.3956117, 1.720713, Tracked, 1.036908, -0.705285, 1.658917, Tracked, 1.08655, -0.9711969, 1.628457, Inferred, 1.11614, -0.9836872, 1.501455, Inferred, 0.982526, 0.1650766, 1.900728, Tracked, 0.2165768, 0.3794192, 1.721836, Tracked, 0.2762566, 0.4008812, 1.691782, Tracked, 1.110588, 0.1546889, 1.915487, Tracked, 1.161893, 0.1471021, 1.947, Tracked,
0.3402044, 0.9476939, -0.3951623, 1.750426, Tracked, 0.969862, -0.0706126, 1.841396, Tracked, 0.9850407, 0.2424336, 1.91789, Tracked, 1.040386, 0.339784, 1.96412, Tracked, 0.7646121, 0.1554761, 1.825204, Tracked, 0.5143788, 0.2635654, 1.774122, Tracked, 0.3185477, 0.3764637, 1.735668, Tracked, 0.2594912, 0.3775464, 1.721938, Tracked, 1.247941, 0.08868335, 1.981597, Tracked, 1.45167, 0.07066319, 2.027573, Inferred, 1.247224, 0.1503806, 1.947654, Inferred, 1.185252, 0.1364743, 1.964152, Inferred, 0.8646836, -0.3803009, 1.710518, Tracked, 0.7856883, -0.6956335, 1.611853, Tracked, 0.7492403, -0.9590853, 1.582011, Inferred, 0.7629457, -0.9816025, 1.449208, Inferred, 0.9929926, -0.3941667, 1.720995, Tracked, 1.037151, -0.7050663, 1.659081, Tracked, 1.086414, -0.9699762, 1.628672, Inferred, 1.11575, -0.9825137, 1.501543, Inferred, 0.9824206, 0.1656447, 1.901122, Tracked, 0.2184791, 0.3870286, 1.725046, Tracked, 0.2880284, 0.4030111, 1.694839, Tracked, 1.143944, 0.1348474, 1.9303, Tracked, 1.18423, 0.1466288, 1.961111, Tracked,
0.3742407, 0.9479073, -0.3946249, 1.750491, Tracked, 0.969835, -0.0701998, 1.841353, Tracked, 0.9848306, 0.2427468, 1.917726, Tracked, 1.040192, 0.3401476, 1.963689, Tracked, 0.7644839, 0.1557149, 1.825233, Tracked, 0.5159645, 0.2649367, 1.77401, Tracked, 0.3188165, 0.3756683, 1.735849, Tracked, 0.2596838, 0.3792565, 1.720322, Tracked, 1.24798, 0.08982842, 1.98093, Tracked, 1.45286, 0.07913724, 2.02459, Inferred, 1.246941, 0.1554844, 1.945109, Inferred, 1.181057, 0.14011, 1.959976, Inferred, 0.8648634, -0.3797738, 1.710552, Tracked, 0.7858415, -0.6953071, 1.611342, Tracked, 0.7496271, -0.9584286, 1.578784, Inferred, 0.7632025, -0.9798496, 1.44554, Inferred, 0.9932305, -0.3936716, 1.721085, Tracked, 1.037211, -0.7046631, 1.659248, Tracked, 1.086335, -0.9696814, 1.6289, Inferred, 1.115487, -0.982283, 1.501692, Inferred, 0.9822575, 0.1659763, 1.900996, Tracked, 0.217195, 0.3871011, 1.721454, Tracked, 0.2907272, 0.406421, 1.691546, Tracked, 1.142585, 0.1381857, 1.927966, Tracked, 1.175525, 0.1452772, 1.952928, Tracked,
0.4067954, 0.948122, -0.3939332, 1.750547, Tracked, 0.9700732, -0.06979969, 1.841301, Tracked, 0.9851083, 0.2429043, 1.917583, Tracked, 1.040169, 0.3404507, 1.963241, Tracked, 0.7645503, 0.1558134, 1.82525, Tracked, 0.5167411, 0.2660658, 1.773938, Tracked, 0.318842, 0.3754713, 1.735693, Tracked, 0.2596647, 0.3817065, 1.721859, Tracked, 1.247859, 0.09087782, 1.980403, Tracked, 1.453113, 0.08224785, 2.023074, Inferred, 1.246673, 0.1574631, 1.943854, Inferred, 1.184093, 0.1412895, 1.96308, Inferred, 0.8650542, -0.3791805, 1.71062, Tracked, 0.7861459, -0.6949567, 1.611422, Tracked, 0.7495106, -0.9579367, 1.578778, Inferred, 0.7628369, -0.9793429, 1.445452, Inferred, 0.9934611, -0.3929374, 1.721119, Tracked, 1.037259, -0.7043559, 1.659221, Tracked, 1.086118, -0.9691706, 1.628861, Inferred, 1.115105, -0.9818175, 1.50158, Inferred, 0.9825146, 0.1661838, 1.900881, Tracked, 0.2179219, 0.3921562, 1.727649, Tracked, 0.2901693, 0.4092104, 1.695087, Tracked, 1.116397, 0.1622648, 1.92369, Tracked, 1.166826, 0.1501551, 1.95175, Tracked,
0.4407803, 0.9482675, -0.3932515, 1.750678, Tracked, 0.9701036, -0.06934697, 1.841291, Tracked, 0.9850801, 0.2431204, 1.917477, Tracked, 1.040217, 0.3406947, 1.963045, Tracked, 0.7645215, 0.1564932, 1.825659, Tracked, 0.5178209, 0.2677502, 1.774056, Tracked, 0.3190653, 0.3756792, 1.735975, Tracked, 0.260245, 0.3831188, 1.722089, Tracked, 1.248054, 0.09179015, 1.979826, Tracked, 1.453286, 0.08365264, 2.022616, Inferred, 1.246782, 0.1585899, 1.943285, Inferred, 1.183239, 0.1408324, 1.958857, Inferred, 0.8651354, -0.3785569, 1.710861, Tracked, 0.7861404, -0.6948407, 1.611361, Tracked, 0.7501346, -0.9574636, 1.578712, Inferred, 0.7633889, -0.9787691, 1.445327, Inferred, 0.9936761, -0.3922247, 1.72113, Tracked, 1.037277, -0.7043509, 1.659277, Tracked, 1.085764, -0.9687227, 1.629031, Inferred, 1.114533, -0.9814585, 1.501659, Inferred, 0.9824962, 0.1664503, 1.900796, Tracked, 0.2175154, 0.3920348, 1.72724, Tracked, 0.291307, 0.4105432, 1.692348, Tracked, 1.143758, 0.1404393, 1.928379, Tracked, 1.183368, 0.1484655, 1.951583, Tracked,
0.4735663, 0.9483723, -0.392819, 1.750658, Tracked, 0.9701598, -0.06893448, 1.841084, Tracked, 0.9850968, 0.243479, 1.917001, Tracked, 1.039623, 0.3413056, 1.962302, Tracked, 0.7645965, 0.1569061, 1.825741, Tracked, 0.5183811, 0.2694584, 1.77339, Tracked, 0.3188092, 0.3760576, 1.735891, Tracked, 0.2602488, 0.3851263, 1.721813, Tracked, 1.246272, 0.09359129, 1.977405, Tracked, 1.4508, 0.0847467, 2.02249, Inferred, 1.245003, 0.1605621, 1.942133, Inferred, 1.179509, 0.1444865, 1.958387, Inferred, 0.865179, -0.3780653, 1.710935, Tracked, 0.7864351, -0.6936479, 1.611494, Tracked, 0.7507792, -0.9571507, 1.578622, Inferred, 0.7637454, -0.9783354, 1.445114, Inferred, 0.9938383, -0.391856, 1.72102, Tracked, 1.037263, -0.7043914, 1.659266, Tracked, 1.0855, -0.968577, 1.62914, Inferred, 1.113873, -0.9814231, 1.501602, Inferred, 0.9825217, 0.1668245, 1.900404, Tracked, 0.2171839, 0.3962369, 1.729345, Tracked, 0.2808408, 0.4045277, 1.682372, Tracked, 1.137586, 0.149491, 1.927141, Tracked, 1.186571, 0.1510097, 1.959, Tracked,
0.5067459, 0.9479406, -0.3921842, 1.750803, Tracked, 0.970209, -0.06874856, 1.84103, Tracked, 0.9856886, 0.2434994, 1.916655, Tracked, 1.039493, 0.3416088, 1.961915, Tracked, 0.7648435, 0.157443, 1.825937, Tracked, 0.5194507, 0.2708122, 1.773237, Tracked, 0.3193796, 0.3765811, 1.73606, Tracked, 0.2609965, 0.3863041, 1.724358, Tracked, 1.246265, 0.09443816, 1.977016, Tracked, 1.450779, 0.08607024, 2.022201, Inferred, 1.26005, 0.1946316, 1.943606, Inferred, 1.198997, 0.2310068, 1.920985, Inferred, 0.8645711, -0.3772433, 1.711243, Tracked, 0.7870201, -0.6939352, 1.611679, Tracked, 0.7509556, -0.9567182, 1.579996, Inferred, 0.7636854, -0.9783335, 1.446573, Inferred, 0.9935656, -0.3914181, 1.72103, Tracked, 1.037293, -0.7042459, 1.6593, Tracked, 1.085679, -0.9681767, 1.629234, Inferred, 1.113972, -0.9810403, 1.50166, Inferred, 0.9828988, 0.1669111, 1.900175, Tracked, 0.2183123, 0.3967207, 1.728231, Tracked, 0.2908992, 0.4116298, 1.689726, Tracked, 1.156942, 0.2355877, 1.889861, Inferred, 1.205751, 0.2365317, 1.921884, Inferred,
0.540043, 0.9478961, -0.391944, 1.750774, Tracked, 0.9701679, -0.06851392, 1.840884, Tracked, 0.985652, 0.2436551, 1.916366, Tracked, 1.039399, 0.3418351, 1.961585, Tracked, 0.765366, 0.1581389, 1.826013, Tracked, 0.5198382, 0.2711754, 1.773371, Tracked, 0.3200006, 0.3773985, 1.73631, Tracked, 0.2613772, 0.3871415, 1.724669, Tracked, 1.246091, 0.09533928, 1.975697, Tracked, 1.451084, 0.09182291, 2.019648, Inferred, 1.258691, 0.1980344, 1.941873, Inferred, 1.197086, 0.233636, 1.919524, Inferred, 0.8644534, -0.3770367, 1.711287, Tracked, 0.7876835, -0.6940825, 1.611376, Tracked, 0.7514368, -0.9565773, 1.578223, Inferred, 0.7639042, -0.9776005, 1.444522, Inferred, 0.9936033, -0.391124, 1.720902, Tracked, 1.037141, -0.7041837, 1.659397, Tracked, 1.085333, -0.9681098, 1.629533, Inferred, 1.113416, -0.9810873, 1.501884, Inferred, 0.9828668, 0.1670876, 1.899927, Tracked, 0.2184265, 0.3985716, 1.733289, Tracked, 0.2873136, 0.4087118, 1.688201, Tracked, 1.155035, 0.2382032, 1.888399, Inferred, 1.205079, 0.2374499, 1.921367, Inferred,
0.5753429, 0.9480472, -0.3916733, 1.750802, Tracked, 0.97031, -0.06821449, 1.840806, Tracked, 0.9857781, 0.2438979, 1.916179, Tracked, 1.040175, 0.3418959, 1.960661, Tracked, 0.7655145, 0.1583831, 1.826052, Tracked, 0.5200644, 0.2718593, 1.773155, Tracked, 0.3200704, 0.3778324, 1.73625, Tracked, 0.2615573, 0.3876115, 1.723276, Tracked, 1.24612, 0.09675896, 1.974968, Tracked, 1.451375, 0.08149903, 2.016475, Inferred, 1.247078, 0.1615042, 1.936464, Inferred, 1.182828, 0.1434026, 1.957094, Inferred, 0.8645203, -0.3768831, 1.71134, Tracked, 0.7878134, -0.6940024, 1.611419, Tracked, 0.7518118, -0.956577, 1.578276, Inferred, 0.7641394, -0.9775599, 1.444525, Inferred, 0.9938672, -0.3907326, 1.72088, Tracked, 1.037037, -0.7039486, 1.659202, Tracked, 1.084919, -0.9679644, 1.629191, Inferred, 1.112748, -0.9809731, 1.501427, Inferred, 0.9830019, 0.167347, 1.899764, Tracked, 0.2215957, 0.3989791, 1.727033, Tracked, 0.2890883, 0.4095919, 1.688198, Tracked, 1.139213, 0.1437607, 1.920627, Tracked, 1.1824, 0.1471243, 1.946467, Tracked,
0.6072932, 0.9483265, -0.3912403, 1.75071, Tracked, 0.9705542, -0.06791861, 1.840572, Tracked, 0.9860182, 0.2440219, 1.915779, Tracked, 1.040492, 0.3419914, 1.960056, Tracked, 0.7657939, 0.1584559, 1.825847, Tracked, 0.5205758, 0.2721031, 1.773415, Tracked, 0.320721, 0.3782654, 1.736231, Tracked, 0.2614414, 0.3874244, 1.725607, Tracked, 1.247536, 0.09824921, 1.975059, Tracked, 1.452572, 0.08504421, 2.017727, Inferred, 1.248207, 0.1660773, 1.939082, Inferred, 1.181123, 0.146997, 1.958533, Inferred, 0.8647423, -0.3765863, 1.711288, Tracked, 0.7880521, -0.6937101, 1.611312, Tracked, 0.7518138, -0.9564055, 1.57867, Inferred, 0.7639796, -0.9775876, 1.444947, Inferred, 0.9941899, -0.3901915, 1.720743, Tracked, 1.036968, -0.7040784, 1.659128, Tracked, 1.084349, -0.967747, 1.629233, Inferred, 1.112016, -0.9808628, 1.501416, Inferred, 0.9832456, 0.1675154, 1.899409, Tracked, 0.2186941, 0.3974811, 1.730996, Tracked, 0.2941754, 0.4152685, 1.695412, Tracked, 1.138976, 0.1407789, 1.91562, Tracked, 1.181713, 0.1482475, 1.947921, Tracked,
0.6399518, 0.9485743, -0.3910222, 1.750495, Tracked, 0.970814, -0.06764182, 1.840329, Tracked, 0.9862657, 0.244264, 1.915529, Tracked, 1.040715, 0.3422509, 1.95981, Tracked, 0.7659495, 0.1585272, 1.82577, Tracked, 0.5205643, 0.2720558, 1.77342, Tracked, 0.320917, 0.3786304, 1.736384, Tracked, 0.2630644, 0.3875088, 1.726109, Tracked, 1.250139, 0.09949328, 1.976105, Tracked, 1.45551, 0.08944041, 2.018104, Inferred, 1.250145, 0.1688486, 1.940435, Inferred, 1.180083, 0.1468586, 1.956791, Inferred, 0.864849, -0.3764918, 1.71129, Tracked, 0.7880933, -0.6939616, 1.611049, Tracked, 0.7518954, -0.9564022, 1.578702, Inferred, 0.7640342, -0.9776694, 1.445006, Inferred, 0.9946626, -0.389798, 1.720085, Tracked, 1.037086, -0.7033117, 1.658713, Tracked, 1.084365, -0.9675869, 1.628947, Inferred, 1.111984, -0.9807897, 1.501136, Inferred, 0.9835042, 0.1677716, 1.899154, Tracked, 0.2219825, 0.3999994, 1.732113, Tracked, 0.2935534, 0.4130343, 1.694985, Tracked, 1.137787, 0.140632, 1.91362, Tracked, 1.177879, 0.148749, 1.945072, Inferred,
0.6731601, 0.9485531, -0.3910144, 1.750368, Tracked, 0.9709166, -0.06762195, 1.840132, Tracked, 0.9866005, 0.2442425, 1.915195, Tracked, 1.040954, 0.3422505, 1.959267, Tracked, 0.766332, 0.1585685, 1.825749, Tracked, 0.5208326, 0.271863, 1.773601, Tracked, 0.321269, 0.3785785, 1.736507, Tracked, 0.2632023, 0.3856519, 1.7264, Tracked, 1.250011, 0.09955586, 1.975932, Tracked, 1.454991, 0.07797764, 2.016575, Inferred, 1.251712, 0.1636883, 1.940401, Inferred, 1.183837, 0.1460881, 1.961763, Inferred, 0.864771, -0.3763024, 1.711057, Tracked, 0.7883369, -0.6939044, 1.610987, Tracked, 0.7517599, -0.9563292, 1.578158, Inferred, 0.7638173, -0.977448, 1.444386, Inferred, 0.994665, -0.3899306, 1.719981, Tracked, 1.037066, -0.7029949, 1.658468, Tracked, 1.0845, -0.9677744, 1.62852, Inferred, 1.112104, -0.9809316, 1.500696, Inferred, 0.983775, 0.167765, 1.898854, Tracked, 0.2225059, 0.3985254, 1.728342, Tracked, 0.2945145, 0.4124437, 1.697576, Tracked, 1.145088, 0.1434516, 1.92692, Tracked, 1.180787, 0.1480574, 1.948388, Tracked,
0.7080619, 0.9485819, -0.3911124, 1.749793, Tracked, 0.9709836, -0.06752349, 1.839758, Tracked, 0.9866931, 0.2444399, 1.914942, Tracked, 1.041016, 0.3424386, 1.958598, Tracked, 0.7665756, 0.1581189, 1.825266, Tracked, 0.5202232, 0.2709328, 1.773457, Tracked, 0.317829, 0.3728148, 1.738248, Tracked, 0.2599541, 0.3815368, 1.725343, Tracked, 1.249935, 0.09933202, 1.975496, Tracked, 1.454918, 0.08162776, 2.017278, Inferred, 1.252821, 0.1708676, 1.942262, Inferred, 1.180779, 0.1465838, 1.959524, Inferred, 0.8647918, -0.3764167, 1.710934, Tracked, 0.7885138, -0.6940367, 1.610499, Tracked, 0.751516, -0.9564538, 1.577625, Inferred, 0.7634865, -0.9775788, 1.443838, Inferred, 0.9946703, -0.389938, 1.718637, Tracked, 1.037162, -0.7027321, 1.657822, Tracked, 1.084804, -0.9678886, 1.628415, Inferred, 1.112502, -0.9811795, 1.500684, Inferred, 0.9838654, 0.1679401, 1.898573, Tracked, 0.2149946, 0.3955455, 1.733573, Tracked, 0.2905004, 0.4066067, 1.693058, Tracked, 1.142543, 0.1412199, 1.92162, Tracked, 1.181811, 0.1472892, 1.94664, Inferred,
0.7410581, 0.9488576, -0.3927953, 1.748314, Tracked, 0.9712037, -0.06866267, 1.838716, Tracked, 0.9868521, 0.2436311, 1.914239, Tracked, 1.041065, 0.3416577, 1.958003, Tracked, 0.7669192, 0.1567489, 1.824232, Tracked, 0.5164768, 0.2643642, 1.770822, Tracked, 0.3162991, 0.3694561, 1.731595, Tracked, 0.2577638, 0.3731888, 1.717701, Tracked, 1.2502, 0.09738801, 1.974687, Tracked, 1.452612, 0.04408367, 2.004653, Inferred, 1.263363, 0.1676083, 1.94562, Inferred, 1.20282, 0.2088966, 1.929504, Inferred, 0.8649086, -0.3774342, 1.710459, Tracked, 0.7886518, -0.6934139, 1.609956, Tracked, 0.7516342, -0.9573945, 1.576118, Inferred, 0.763748, -0.9782358, 1.44229, Inferred, 0.9951354, -0.3924725, 1.715839, Tracked, 1.037216, -0.7027344, 1.657524, Tracked, 1.085507, -0.9705902, 1.629906, Inferred, 1.113509, -0.9843795, 1.50249, Inferred, 0.9840468, 0.1670548, 1.897787, Tracked, 0.2150109, 0.387208, 1.725019, Tracked, 0.2857994, 0.396061, 1.6908, Tracked, 1.164456, 0.2032296, 1.891709, Inferred, 1.203174, 0.2084329, 1.9179, Inferred,
0.7740707, 0.9492039, -0.3975901, 1.745807, Tracked, 0.9710885, -0.07184467, 1.837012, Tracked, 0.9864113, 0.2415855, 1.913152, Tracked, 1.042209, 0.3390001, 1.956078, Tracked, 0.770689, 0.1510929, 1.821763, Tracked, 0.5116269, 0.2433725, 1.766964, Tracked, 0.3168802, 0.3541936, 1.714934, Tracked, 0.2578616, 0.3599231, 1.708555, Tracked, 1.25023, 0.09057502, 1.972403, Tracked, 1.44935, 0.02033967, 1.995342, Inferred, 1.249337, 0.1243606, 1.937251, Inferred, 1.189529, 0.1154994, 1.946086, Inferred, 0.8649001, -0.3815342, 1.709449, Tracked, 0.7886864, -0.6932743, 1.609656, Tracked, 0.7431604, -0.9604775, 1.578804, Inferred, 0.7536463, -0.9833328, 1.445296, Inferred, 0.9958589, -0.3979058, 1.711875, Tracked, 1.037542, -0.7031709, 1.656955, Tracked, 1.087359, -0.9758207, 1.631746, Inferred, 1.116053, -0.9901797, 1.504894, Inferred, 0.9836823, 0.1647565, 1.896559, Tracked, 0.2131244, 0.3718063, 1.70977, Tracked, 0.2776828, 0.3841173, 1.692889, Tracked, 1.135973, 0.1351817, 1.910622, Tracked, 1.192989, 0.1257031, 1.9471, Tracked,
0.8070455, 0.9549774, -0.4020024, 1.74597, Tracked, 0.9724688, -0.07442287, 1.836222, Tracked, 0.985424, 0.2393201, 1.911484, Tracked, 1.043115, 0.3360256, 1.95424, Tracked, 0.7727056, 0.1462875, 1.82076, Tracked, 0.4990702, 0.2250842, 1.758999, Tracked, 0.3048688, 0.3292744, 1.690191, Tracked, 0.2670823, 0.3341966, 1.692761, Tracked, 1.255941, 0.08053643, 1.974764, Tracked, 1.456946, 0.0144467, 1.994419, Inferred, 1.254341, 0.120126, 1.938973, Inferred, 1.188645, 0.1114195, 1.947416, Inferred, 0.8715535, -0.3874833, 1.71047, Tracked, 0.7889378, -0.6939359, 1.609059, Tracked, 0.7435317, -0.96498, 1.583831, Inferred, 0.7547352, -0.990317, 1.451553, Inferred, 1.000652, -0.4008806, 1.711786, Tracked, 1.037265, -0.704406, 1.656464, Tracked, 1.083572, -0.9803691, 1.630565, Inferred, 1.112094, -0.9950764, 1.503754, Inferred, 0.9833243, 0.1625663, 1.895209, Tracked, 0.2107373, 0.3488972, 1.698591, Tracked, 0.2753195, 0.363452, 1.68275, Tracked, 1.115824, 0.142452, 1.904167, Tracked, 1.147473, 0.1287619, 1.920333, Tracked,
0.8401616, 0.9577324, -0.4062158, 1.744447, Tracked, 0.973678, -0.07767268, 1.834446, Tracked, 0.9849351, 0.2372385, 1.909531, Tracked, 1.043087, 0.3337778, 1.952774, Tracked, 0.7738882, 0.1414009, 1.820098, Tracked, 0.4983986, 0.1926702, 1.751279, Tracked, 0.2993303, 0.2818524, 1.673702, Tracked, 0.2608758, 0.2980336, 1.676854, Tracked, 1.258981, 0.06329887, 1.975694, Tracked, 1.45861, -0.005758813, 1.997264, Inferred, 1.259354, 0.105077, 1.942744, Inferred, 1.194072, 0.09590618, 1.946259, Inferred, 0.8740593, -0.3916999, 1.709708, Tracked, 0.7891462, -0.6942243, 1.608326, Tracked, 0.7491981, -0.9689479, 1.578444, Inferred, 0.7629029, -0.9922298, 1.446124, Inferred, 1.003473, -0.4047852, 1.709748, Tracked, 1.037201, -0.7050145, 1.654952, Tracked, 1.082208, -0.9849539, 1.629105, Inferred, 1.111178, -0.9998852, 1.502633, Inferred, 0.9832192, 0.1602, 1.893287, Tracked, 0.2103823, 0.3162056, 1.688094, Tracked, 0.2701243, 0.3247087, 1.661654, Tracked, 1.12151, 0.1347, 1.904654, Tracked, 1.175675, 0.1079305, 1.9355, Tracked,
0.87533, 0.9582971, -0.4095417, 1.74327, Tracked, 0.9741697, -0.07967651, 1.833425, Tracked, 0.984996, 0.2365499, 1.908787, Tracked, 1.043586, 0.3328139, 1.950685, Tracked, 0.7764081, 0.1362964, 1.820255, Tracked, 0.4819397, 0.1713836, 1.73709, Tracked, 0.2783029, 0.2359958, 1.645954, Tracked, 0.2374398, 0.256864, 1.662211, Tracked, 1.263822, 0.05274856, 1.977861, Tracked, 1.485581, -0.0651255, 2.005553, Inferred, 1.674308, -0.1639159, 2.032952, Inferred, 1.72734, -0.1906523, 2.043223, Inferred, 0.8745951, -0.3948393, 1.709911, Tracked, 0.7894189, -0.6938086, 1.607493, Tracked, 0.7482425, -0.9715642, 1.580478, Inferred, 0.7622795, -0.9962769, 1.448862, Inferred, 1.004077, -0.4085064, 1.706911, Tracked, 1.037557, -0.7075152, 1.65471, Tracked, 1.082794, -0.9887, 1.631139, Inferred, 1.112425, -1.004206, 1.505206, Inferred, 0.9833716, 0.1592066, 1.892445, Tracked, 0.2022687, 0.2742274, 1.668129, Tracked, 0.2356208, 0.2918594, 1.647334, Tracked, 1.653521, -0.1506673, 2.002625, Inferred, 1.705785, -0.17569, 2.0348, Inferred,
0.9062743, 0.9570171, -0.4146369, 1.740712, Tracked, 0.9736652, -0.08289593, 1.831073, Tracked, 0.9846388, 0.2350844, 1.906643, Tracked, 1.043798, 0.3310866, 1.94818, Tracked, 0.7793548, 0.1317457, 1.820027, Tracked, 0.4855619, 0.1394892, 1.729057, Tracked, 0.2777559, 0.181713, 1.633328, Tracked, 0.2379645, 0.2001062, 1.639133, Tracked, 1.262873, 0.03549053, 1.966934, Tracked, 1.441874, -0.06860608, 2.009794, Inferred, 1.249874, 0.04097098, 1.935255, Inferred, 1.215733, 0.05687625, 1.948419, Tracked, 0.8728503, -0.4000309, 1.709553, Tracked, 0.7903497, -0.6950487, 1.604699, Tracked, 0.7469138, -0.9762609, 1.581757, Inferred, 0.7595544, -1.002774, 1.450736, Inferred, 1.003177, -0.4135548, 1.701856, Tracked, 1.036783, -0.7086267, 1.654421, Tracked, 1.083501, -0.9934329, 1.635052, Inferred, 1.112806, -1.010079, 1.509507, Inferred, 0.9829944, 0.157301, 1.890216, Tracked, 0.1999682, 0.2137298, 1.637339, Tracked, 0.2545425, 0.22938, 1.600631, Tracked, 1.148657, 0.1007181, 1.900077, Tracked, 1.202102, 0.07375503, 1.940667, Tracked,
0.9402823, 0.9532802, -0.4174503, 1.737927, Tracked, 0.97225, -0.08456414, 1.829649, Tracked, 0.9843438, 0.2344545, 1.906079, Tracked, 1.044037, 0.3301845, 1.946963, Tracked, 0.7820092, 0.1269698, 1.820518, Tracked, 0.4944165, 0.0976069, 1.723684, Tracked, 0.2888336, 0.1169999, 1.615206, Tracked, 0.2670535, 0.1244241, 1.613716, Tracked, 1.264205, 0.03097378, 1.9665, Tracked, 1.418344, -0.1144874, 1.997358, Inferred, 1.23611, 0.01205595, 1.925979, Inferred, 1.206297, 0.04753209, 1.932895, Tracked, 0.8688467, -0.4017448, 1.707716, Tracked, 0.7906267, -0.6949987, 1.602589, Tracked, 0.7399284, -0.9775703, 1.591359, Inferred, 0.7502362, -1.009897, 1.462525, Inferred, 0.9998704, -0.417142, 1.698366, Tracked, 1.037025, -0.7089895, 1.653919, Tracked, 1.088006, -0.9953461, 1.63734, Inferred, 1.118139, -1.012139, 1.512423, Inferred, 0.9824928, 0.1564206, 1.889459, Tracked, 0.2124689, 0.1375006, 1.592132, Tracked, 0.2756056, 0.1537052, 1.5787, Tracked, 1.114387, 0.1060038, 1.856601, Tracked, 1.115496, 0.103316, 1.854, Tracked,
0.974245, 0.9491836, -0.4210422, 1.733941, Tracked, 0.970548, -0.08668288, 1.827594, Tracked, 0.984076, 0.2337323, 1.905424, Tracked, 1.044437, 0.3290978, 1.945371, Tracked, 0.7836398, 0.1227443, 1.820537, Tracked, 0.5103495, 0.06646617, 1.721615, Tracked, 0.3099369, 0.03531701, 1.605707, Tracked, 0.2816925, 0.04695654, 1.586713, Tracked, 1.233661, 0.02026976, 1.93989, Tracked, 1.385867, -0.1225429, 1.98308, Inferred, 1.202483, -0.003829086, 1.900778, Inferred, 1.124159, 0.04338654, 1.822877, Tracked, 0.8629266, -0.4048396, 1.703099, Tracked, 0.7908877, -0.6954187, 1.60193, Tracked, 0.7595474, -0.9837918, 1.566413, Inferred, 0.7730024, -1.004254, 1.433596, Inferred, 0.9973487, -0.4207113, 1.695192, Tracked, 1.037021, -0.7090756, 1.653743, Tracked, 1.091539, -0.9974425, 1.640036, Inferred, 1.120433, -1.014873, 1.51478, Inferred, 0.9819595, 0.1553732, 1.888504, Tracked, 0.2393821, 0.05357968, 1.556499, Tracked, 0.298753, 0.06233862, 1.551769, Tracked, 1.097343, 0.08896998, 1.819592, Tracked, 1.094886, 0.09126665, 1.8155, Tracked,
1.0092409, 0.9476953, -0.4231678, 1.732101, Tracked, 0.9695925, -0.0884867, 1.826006, Tracked, 0.9838053, 0.2327107, 1.904415, Tracked, 1.044781, 0.3277863, 1.944051, Tracked, 0.7849696, 0.1222292, 1.820875, Tracked, 0.535629, 0.02426753, 1.725893, Tracked, 0.3486443, -0.03299864, 1.597514, Tracked, 0.3083636, -0.03507092, 1.558646, Tracked, 1.233333, 0.01995924, 1.939376, Inferred, 1.344494, -0.1681144, 1.949056, Tracked, 1.182112, -0.01561506, 1.882044, Inferred, 1.113406, 0.05476744, 1.819399, Tracked, 0.8604245, -0.4072225, 1.701064, Tracked, 0.7910671, -0.6961714, 1.601296, Tracked, 0.7643867, -0.9875857, 1.58471, Inferred, 0.7791589, -1.01518, 1.455187, Inferred, 0.9967402, -0.4224215, 1.693673, Tracked, 1.036333, -0.7094516, 1.653251, Tracked, 1.091278, -0.9989094, 1.640541, Inferred, 1.120267, -1.016594, 1.515403, Inferred, 0.9815152, 0.1541118, 1.887316, Tracked, 0.2526719, -0.03966041, 1.505014, Tracked, 0.3154798, -0.0168471, 1.518643, Tracked, 1.085702, 0.08823447, 1.804604, Tracked, 1.110013, 0.08688782, 1.8275, Tracked,
1.0401826, 0.947322, -0.4241563, 1.731197, Tracked, 0.9691927, -0.08970477, 1.824819, Tracked, 0.9835678, 0.2315866, 1.903149, Tracked, 1.045822, 0.3260199, 1.941861, Tracked, 0.7880263, 0.1205844, 1.820003, Tracked, 0.5600587, 0.0001172325, 1.734804, Tracked, 0.3955258, -0.1040866, 1.605565, Tracked, 0.3520965, -0.1241192, 1.549618, Tracked, 1.23298, 0.01945939, 1.938532, Inferred, 1.327067, -0.1806067, 1.92898, Tracked, 1.145095, -0.2975971, 1.702244, Tracked, 1.12704, -0.3495359, 1.686599, Tracked, 0.859605, -0.4080338, 1.699434, Tracked, 0.7910923, -0.696198, 1.600082, Tracked, 0.7452902, -0.9846705, 1.549287, Inferred, 0.7555817, -1.000693, 1.414089, Inferred, 0.9967128, -0.4235483, 1.693298, Tracked, 1.035879, -0.7102293, 1.653225, Tracked, 1.090571, -1.000138, 1.640859, Inferred, 1.11966, -1.017939, 1.51581, Inferred, 0.9812123, 0.1529132, 1.886033, Tracked, 0.3197834, -0.1354131, 1.525652, Tracked, 0.3410865, -0.1147809, 1.50344, Tracked, 1.115483, -0.3977856, 1.642945, Tracked, 1.119393, -0.2963619, 1.640666, Tracked,
1.0743132, 0.9459577, -0.4261018, 1.729683, Tracked, 0.9682917, -0.09162547, 1.823187, Tracked, 0.9832391, 0.2299141, 1.901517, Tracked, 1.045617, 0.3243662, 1.941003, Tracked, 0.7898523, 0.1184355, 1.818124, Tracked, 0.5981568, -0.03320668, 1.749072, Tracked, 0.4517836, -0.1628959, 1.621633, Tracked, 0.413865, -0.2091547, 1.561295, Tracked, 1.232502, 0.01839542, 1.937236, Inferred, 1.299511, -0.1921068, 1.891285, Tracked, 1.132894, -0.3408978, 1.680035, Tracked, 1.123459, -0.380053, 1.671242, Tracked, 0.8581216, -0.4091078, 1.698818, Tracked, 0.7909399, -0.6966748, 1.598552, Tracked, 0.7508847, -0.9877331, 1.562624, Inferred, 0.7626204, -1.008903, 1.429605, Inferred, 0.9957033, -0.4265174, 1.690686, Tracked, 1.035086, -0.710113, 1.652815, Tracked, 1.091167, -1.002511, 1.642651, Inferred, 1.120778, -1.020762, 1.518037, Inferred, 0.9807269, 0.1511447, 1.884382, Tracked, 0.3741955, -0.2339529, 1.535823, Tracked, 0.411444, -0.1706546, 1.557231, Tracked, 1.063203, -0.4227005, 1.629254, Tracked, 1.053552, -0.3601549, 1.6486, Tracked,
1.107279, 0.9460677, -0.426129, 1.729401, Tracked, 0.9685129, -0.09217551, 1.822457, Tracked, 0.9837094, 0.2284643, 1.900121, Tracked, 1.046347, 0.3229311, 1.939939, Tracked, 0.7914876, 0.1180165, 1.81705, Tracked, 0.6041375, -0.0578151, 1.746958, Tracked, 0.5010346, -0.2274967, 1.62552, Tracked, 0.4735012, -0.2827552, 1.581747, Tracked, 1.232751, 0.01737772, 1.936059, Inferred, 1.133999, -0.2222985, 1.75319, Tracked, 1.137594, -0.4209299, 1.639243, Inferred, 1.140539, -0.4481104, 1.650442, Tracked, 0.8585179, -0.4077761, 1.69447, Tracked, 0.7907799, -0.6970338, 1.59775, Tracked, 0.7420727, -0.9863251, 1.569573, Inferred, 0.7515764, -1.011112, 1.437303, Inferred, 0.9959293, -0.4273098, 1.692038, Tracked, 1.033547, -0.7118717, 1.65308, Tracked, 1.087582, -1.004013, 1.641812, Inferred, 1.116835, -1.022232, 1.516961, Inferred, 0.981116, 0.1499381, 1.883163, Tracked, 0.4520515, -0.3158283, 1.557455, Tracked, 0.444222, -0.26891, 1.552275, Tracked, 1.135284, -0.4486221, 1.620768, Inferred, 1.134997, -0.4269205, 1.613333, Inferred,
1.1412097, 0.9454752, -0.4278303, 1.728194, Tracked, 0.9682695, -0.09388508, 1.820593, Tracked, 0.9839252, 0.2269957, 1.897602, Tracked, 1.047172, 0.3225195, 1.936811, Tracked, 0.7920943, 0.1169301, 1.815646, Tracked, 0.6240399, -0.1085585, 1.745915, Tracked, 0.5468547, -0.296625, 1.634725, Tracked, 0.5320044, -0.3505465, 1.600778, Tracked, 1.232797, 0.01619616, 1.933651, Inferred, 1.13281, -0.2232599, 1.751141, Tracked, 1.138716, -0.4230323, 1.63969, Inferred, 1.138797, -0.4497523, 1.646156, Tracked, 0.8575608, -0.4091596, 1.693952, Tracked, 0.7903922, -0.6970841, 1.596649, Tracked, 0.7386661, -0.987157, 1.571864, Inferred, 0.7471387, -1.013533, 1.440141, Inferred, 0.9957565, -0.429166, 1.690839, Tracked, 1.032059, -0.7124983, 1.653619, Tracked, 1.085316, -1.006071, 1.644104, Inferred, 1.114321, -1.024968, 1.51948, Inferred, 0.9812031, 0.1483813, 1.880807, Tracked, 0.5166789, -0.3864159, 1.584317, Tracked, 0.4931687, -0.3230692, 1.577044, Tracked, 1.131111, -0.4505838, 1.610752, Inferred, 1.132855, -0.4360053, 1.607, Inferred,
1.1741962, 0.9449865, -0.428877, 1.727624, Tracked, 0.9680955, -0.09503004, 1.819316, Tracked, 0.9841998, 0.2258548, 1.895405, Tracked, 1.049433, 0.3208183, 1.932931, Tracked, 0.7921047, 0.1155271, 1.814972, Tracked, 0.6449216, -0.1310754, 1.755088, Tracked, 0.615447, -0.3409093, 1.66643, Tracked, 0.5978732, -0.3892314, 1.62528, Tracked, 1.232949, 0.01523021, 1.931485, Inferred, 1.130062, -0.2230641, 1.748954, Tracked, 1.138855, -0.4244689, 1.641214, Inferred, 1.137604, -0.4522528, 1.650241, Tracked, 0.8567297, -0.4101881, 1.693419, Tracked, 0.7896918, -0.6971484, 1.594898, Tracked, 0.7411559, -0.9878246, 1.56136, Inferred, 0.7503591, -1.010392, 1.428253, Inferred, 0.9955445, -0.4301653, 1.690613, Tracked, 1.031469, -0.7128286, 1.653563, Tracked, 1.08459, -1.006972, 1.644228, Inferred, 1.113214, -1.026045, 1.519414, Inferred, 0.9813472, 0.1472208, 1.87886, Tracked, 0.5841969, -0.4359874, 1.603467, Tracked, 0.5586712, -0.3764716, 1.60415, Tracked, 1.150935, -0.4661454, 1.65111, Inferred, 1.134801, -0.4386862, 1.612988, Inferred,
1.2067255, 0.9457385, -0.4288527, 1.727187, Tracked, 0.9687979, -0.09556394, 1.81817, Tracked, 0.9847693, 0.2245114, 1.893197, Tracked, 1.050937, 0.3187926, 1.929559, Tracked, 0.7921126, 0.1132954, 1.814508, Tracked, 0.6584898, -0.1371428, 1.765212, Tracked, 0.6425447, -0.3473071, 1.674406, Tracked, 0.6455269, -0.4084648, 1.650161, Tracked, 1.233412, 0.01402826, 1.92929, Inferred, 1.128722, -0.2244217, 1.747996, Tracked, 1.133752, -0.4280123, 1.644404, Tracked, 1.133324, -0.4555434, 1.654054, Tracked, 0.8589175, -0.4086176, 1.689501, Tracked, 0.7889366, -0.6975724, 1.594088, Tracked, 0.7353793, -0.9860854, 1.571165, Inferred, 0.7425289, -1.013106, 1.439214, Inferred, 0.9963687, -0.4311835, 1.692277, Tracked, 1.030288, -0.7142855, 1.654046, Tracked, 1.081326, -1.008728, 1.643488, Inferred, 1.109085, -1.027874, 1.518121, Inferred, 0.9819691, 0.1460976, 1.87694, Tracked, 0.6409336, -0.465165, 1.626217, Tracked, 0.6047318, -0.4050092, 1.628808, Tracked, 1.10385, -0.4815004, 1.655919, Tracked, 1.130142, -0.4426872, 1.609062, Inferred,
1.2400857, 0.9458647, -0.4288392, 1.727019, Tracked, 0.9691741, -0.0962351, 1.81687, Tracked, 0.9854339, 0.2226197, 1.890136, Tracked, 1.05196, 0.3176639, 1.925781, Tracked, 0.7917989, 0.1120636, 1.814236, Tracked, 0.6657943, -0.1345839, 1.776411, Tracked, 0.670391, -0.346281, 1.689422, Tracked, 0.6831805, -0.4062363, 1.665902, Tracked, 1.233983, 0.01225312, 1.926216, Inferred, 1.126974, -0.2276523, 1.748346, Tracked, 1.133225, -0.4299681, 1.642192, Tracked, 1.131898, -0.4575334, 1.644438, Tracked, 0.8594132, -0.4077767, 1.687855, Tracked, 0.7873794, -0.6973637, 1.59365, Tracked, 0.7320382, -0.9848317, 1.581544, Inferred, 0.7377014, -1.016513, 1.451276, Inferred, 0.9962593, -0.4318901, 1.693288, Tracked, 1.029465, -0.7144907, 1.65393, Tracked, 1.07998, -1.009587, 1.64221, Inferred, 1.106926, -1.028627, 1.516311, Inferred, 0.9825585, 0.1445348, 1.874351, Tracked, 0.6806563, -0.4653691, 1.6433, Tracked, 0.6548771, -0.4287031, 1.666444, Tracked, 1.126739, -0.4625618, 1.609002, Inferred, 1.119431, -0.4338712, 1.5892, Inferred,
1.2761771, 0.9453636, -0.4295341, 1.726277, Tracked, 0.9687632, -0.09787519, 1.814306, Tracked, 0.9853973, 0.2203663, 1.885656, Tracked, 1.053344, 0.3140819, 1.920106, Tracked, 0.7901456, 0.1108127, 1.813957, Tracked, 0.6648587, -0.1317432, 1.784227, Tracked, 0.6729692, -0.3497578, 1.691537, Tracked, 0.6792446, -0.4107116, 1.662625, Tracked, 1.233874, 0.01007737, 1.921687, Inferred, 1.125566, -0.2286685, 1.749444, Tracked, 1.130729, -0.4300237, 1.640677, Tracked, 1.128941, -0.461599, 1.642259, Tracked, 0.8588986, -0.4080721, 1.687706, Tracked, 0.7855732, -0.6970797, 1.592866, Tracked, 0.723315, -0.9833362, 1.56764, Inferred, 0.7267693, -1.009481, 1.434343, Inferred, 0.9955351, -0.4332308, 1.692398, Tracked, 1.026931, -0.7160237, 1.653979, Tracked, 1.075623, -1.011462, 1.643217, Inferred, 1.101419, -1.031241, 1.516973, Inferred, 0.9824086, 0.1423924, 1.870336, Tracked, 0.6744615, -0.4644286, 1.639659, Tracked, 0.6484666, -0.4317413, 1.665147, Tracked, 1.119624, -0.4629087, 1.589223, Inferred, 1.111589, -0.4447129, 1.5865, Inferred,
1.3072662, 0.9450974, -0.4297567, 1.725791, Tracked, 0.9681047, -0.09910057, 1.811841, Tracked, 0.9842364, 0.2180525, 1.880841, Tracked, 1.054166, 0.3122447, 1.915144, Tracked, 0.7887691, 0.109966, 1.813396, Tracked, 0.6599854, -0.1277553, 1.790153, Tracked, 0.6699053, -0.3524544, 1.689711, Tracked, 0.6702914, -0.4086452, 1.659683, Tracked, 1.232663, 0.007812624, 1.916824, Inferred, 1.123687, -0.2279822, 1.750548, Tracked, 1.128089, -0.4292155, 1.641073, Tracked, 1.125015, -0.46461, 1.639958, Tracked, 0.8583874, -0.4081024, 1.687418, Tracked, 0.7822451, -0.6962813, 1.589446, Tracked, 0.7267971, -0.9834274, 1.567036, Inferred, 0.731232, -1.010193, 1.434167, Inferred, 0.9953421, -0.4336768, 1.692092, Tracked, 1.021718, -0.713791, 1.652745, Tracked, 1.066433, -1.013456, 1.640952, Inferred, 1.090498, -1.033742, 1.514008, Inferred, 0.9813861, 0.1403452, 1.866122, Tracked, 0.6736035, -0.461899, 1.635634, Tracked, 0.6346352, -0.4213303, 1.669187, Tracked, 1.12115, -0.478895, 1.603736, Inferred, 1.100918, -0.4306048, 1.58125, Inferred,
1.373533, 0.9377964, -0.4383632, 1.718946, Tracked, 0.9631363, -0.1082795, 1.8025, Tracked, 0.9810562, 0.209021, 1.870249, Tracked, 1.053906, 0.3028083, 1.901215, Tracked, 0.7880421, 0.1055377, 1.806069, Tracked, 0.6153554, -0.09791812, 1.798147, Tracked, 0.6473649, -0.3206934, 1.681126, Tracked, 0.6597775, -0.3616304, 1.654993, Tracked, 1.111624, 0.02082099, 1.833628, Tracked, 1.120515, -0.2274818, 1.751621, Tracked, 1.109538, -0.4379635, 1.663155, Tracked, 1.107582, -0.4552407, 1.659153, Tracked, 0.8463214, -0.4158979, 1.676125, Tracked, 0.7760725, -0.69304, 1.586557, Tracked, 0.780336, -0.9899674, 1.509381, Inferred, 0.7852228, -0.9941979, 1.370091, Inferred, 0.9906663, -0.4432696, 1.689852, Tracked, 1.016526, -0.7117769, 1.651739, Tracked, 1.064548, -1.022085, 1.641227, Inferred, 1.077141, -1.044682, 1.510789, Inferred, 0.9778341, 0.1312729, 1.855798, Tracked, 0.667805, -0.4175716, 1.629544, Tracked, 0.6122255, -0.3633073, 1.64536, Tracked, 1.109488, -0.4916064, 1.635339, Tracked, 1.105089, -0.4515759, 1.616917, Tracked,
1.4398599, 0.9337333, -0.4371907, 1.716655, Tracked, 0.9592983, -0.1103726, 1.797946, Tracked, 0.9770952, 0.2027918, 1.862546, Tracked, 1.051749, 0.2946574, 1.890003, Tracked, 0.7878526, 0.1051008, 1.804863, Tracked, 0.5903304, -0.06060343, 1.794538, Tracked, 0.6223927, -0.2587841, 1.681488, Tracked, 0.6557294, -0.3168145, 1.657378, Tracked, 1.147426, 0.014871, 1.865136, Tracked, 1.135033, -0.2230755, 1.775661, Tracked, 1.109189, -0.4243122, 1.668068, Tracked, 1.107953, -0.4393035, 1.673619, Inferred, 0.8423435, -0.4111169, 1.669073, Tracked, 0.7689359, -0.6911407, 1.583321, Tracked, 0.7316063, -0.9897581, 1.545989, Inferred, 0.7359987, -1.009164, 1.410378, Inferred, 0.9857088, -0.4446552, 1.691762, Tracked, 1.007567, -0.7055979, 1.647999, Tracked, 1.053645, -1.024131, 1.630698, Inferred, 1.07185, -1.043737, 1.501156, Inferred, 0.9738504, 0.1261859, 1.848944, Tracked, 0.673815, -0.3734106, 1.633524, Tracked, 0.6160234, -0.3336072, 1.650698, Tracked, 1.091713, -0.4756315, 1.653462, Tracked, 1.114662, -0.4354438, 1.6415, Tracked,
1.5063107, 0.9273495, -0.4355844, 1.715199, Tracked, 0.953222, -0.1111443, 1.793849, Tracked, 0.9714173, 0.2001744, 1.856283, Tracked, 1.046885, 0.2904254, 1.88371, Tracked, 0.7856701, 0.1048224, 1.801533, Tracked, 0.5818443, -0.04828444, 1.787962, Tracked, 0.6371168, -0.2769427, 1.66661, Tracked, 0.6779962, -0.3434973, 1.64272, Tracked, 1.147909, 0.0143397, 1.865425, Tracked, 1.151078, -0.2060904, 1.798108, Tracked, 1.11671, -0.3956882, 1.671436, Tracked, 1.102299, -0.4089213, 1.684263, Tracked, 0.8367147, -0.4073802, 1.663506, Tracked, 0.7622977, -0.6898353, 1.580714, Tracked, 0.6958326, -0.9820839, 1.577504, Inferred, 0.6920369, -1.016767, 1.446965, Inferred, 0.9781929, -0.4452269, 1.695492, Tracked, 1.001389, -0.7028828, 1.644226, Tracked, 1.04954, -1.021669, 1.617791, Inferred, 1.068226, -1.040059, 1.487309, Inferred, 0.9680614, 0.1239539, 1.843178, Tracked, 0.6961245, -0.4077117, 1.606866, Tracked, 0.6630215, -0.3782773, 1.675091, Tracked, 1.078261, -0.4405039, 1.674599, Tracked, 1.105734, -0.4193943, 1.673667, Tracked,
1.5753176, 0.911808, -0.4342917, 1.711332, Tracked, 0.9414279, -0.1109042, 1.787784, Tracked, 0.9630894, 0.2001233, 1.849094, Tracked, 1.035319, 0.2876875, 1.876757, Tracked, 0.7589912, 0.1091932, 1.774984, Tracked, 0.575588, -0.04240593, 1.782631, Tracked, 0.6247937, -0.2420651, 1.680675, Tracked, 0.6618916, -0.2977107, 1.656195, Tracked, 1.15139, 0.01124328, 1.868381, Tracked, 1.168409, -0.2102292, 1.812527, Inferred, 1.139234, -0.387834, 1.66739, Inferred, 1.131868, -0.4475032, 1.622648, Inferred, 0.8240932, -0.4055835, 1.658841, Tracked, 0.7553779, -0.6879923, 1.579257, Tracked, 0.7209255, -0.9849029, 1.535001, Inferred, 0.7321926, -1.002449, 1.400115, Inferred, 0.9621875, -0.4449663, 1.693712, Tracked, 0.9917516, -0.6980761, 1.635624, Tracked, 0.8374782, -0.8298779, 1.883141, Inferred, 0.8860561, -0.8118072, 1.73572, Tracked, 0.9589377, 0.1239111, 1.836216, Tracked, 0.684612, -0.3607123, 1.631877, Tracked, 0.6358675, -0.3161095, 1.70225, Tracked, 1.107587, -0.4788458, 1.613209, Inferred, 1.13475, -0.4574164, 1.612576, Inferred,
1.6412459, 0.9027805, -0.4339518, 1.709213, Tracked, 0.9303531, -0.1107133, 1.783012, Tracked, 0.9501038, 0.2003242, 1.841338, Tracked, 1.019981, 0.2899877, 1.869681, Tracked, 0.7538738, 0.1095354, 1.770725, Tracked, 0.5734343, -0.04208985, 1.781951, Tracked, 0.6389021, -0.2302888, 1.667263, Tracked, 0.6774748, -0.2873154, 1.637773, Tracked, 1.14854, 0.01135695, 1.869764, Tracked, 1.153542, -0.2178632, 1.80036, Tracked, 1.065911, -0.3733365, 1.650803, Tracked, 1.001336, -0.4347935, 1.621192, Tracked, 0.8150498, -0.4051552, 1.654697, Tracked, 0.7476938, -0.6872464, 1.577405, Tracked, 0.7065749, -0.9851573, 1.557084, Inferred, 0.7174447, -1.011776, 1.425411, Inferred, 0.9532033, -0.4448161, 1.693636, Tracked, 0.9871692, -0.6963617, 1.631342, Tracked, 0.958756, -0.8721754, 1.778979, Tracked, 0.9566388, -0.8172671, 1.623609, Tracked, 0.9464087, 0.1240864, 1.829227, Tracked, 0.685104, -0.3381968, 1.574824, Tracked, 0.6564323, -0.3226627, 1.675857, Tracked, 0.9885802, -0.4764755, 1.59292, Tracked, 1.001035, -0.4732954, 1.59425, Tracked,
1.7070752, 0.8942673, -0.4354264, 1.706021, Tracked, 0.9197112, -0.1119919, 1.777712, Tracked, 0.9376981, 0.1994925, 1.834034, Tracked, 1.00478, 0.2913379, 1.860815, Tracked, 0.7458253, 0.1082536, 1.766109, Tracked, 0.5577084, -0.04424187, 1.775915, Tracked, 0.6458023, -0.2256093, 1.667142, Tracked, 0.679404, -0.2777478, 1.631173, Tracked, 1.130581, 0.01317114, 1.867424, Tracked, 1.127981, -0.2078171, 1.80229, Tracked, 1.056898, -0.3664215, 1.647906, Tracked, 0.9987571, -0.425603, 1.624975, Tracked, 0.806657, -0.406692, 1.650245, Tracked, 0.7409259, -0.6871138, 1.575534, Tracked, 0.6786678, -0.9761636, 1.622315, Inferred, 0.6805468, -1.036913, 1.511417, Inferred, 0.945131, -0.4462426, 1.691884, Tracked, 0.9843567, -0.6961364, 1.628929, Tracked, 0.9562012, -0.8688812, 1.779953, Tracked, 0.9520674, -0.8185962, 1.623066, Tracked, 0.9344104, 0.1231236, 1.822411, Tracked, 0.6986579, -0.3286009, 1.569737, Tracked, 0.6488444, -0.3115913, 1.678353, Tracked, 1.001587, -0.4671673, 1.596969, Tracked, 1.003562, -0.4415457, 1.611, Tracked,
1.7743148, 0.8901155, -0.4360757, 1.704742, Tracked, 0.9117557, -0.1127333, 1.774382, Tracked, 0.9253756, 0.1988336, 1.828245, Tracked, 0.99475, 0.2921781, 1.854302, Tracked, 0.738719, 0.1041394, 1.760762, Tracked, 0.5466959, -0.04976244, 1.766958, Tracked, 0.6546643, -0.2196383, 1.658132, Tracked, 0.6897532, -0.267417, 1.623129, Inferred, 1.123159, 0.01265819, 1.872826, Tracked, 1.109872, -0.2114106, 1.799555, Tracked, 1.045139, -0.3464731, 1.620726, Inferred, 1.000335, -0.4378499, 1.621709, Inferred, 0.8028638, -0.4073824, 1.647388, Tracked, 0.73622, -0.6859297, 1.573661, Tracked, 0.6890724, -0.9861539, 1.545244, Inferred, 0.7020764, -1.010524, 1.413376, Inferred, 0.9403843, -0.4469168, 1.692084, Tracked, 0.9823327, -0.695515, 1.624217, Tracked, 0.9587594, -0.8628848, 1.781281, Tracked, 0.9488097, -0.815777, 1.623257, Tracked, 0.9232121, 0.1224341, 1.817267, Tracked, 0.7183115, -0.319575, 1.56883, Tracked, 0.6513058, -0.3109405, 1.656456, Tracked, 0.9894528, -0.4522424, 1.600462, Tracked, 0.9917106, -0.4510349, 1.589, Tracked,
1.8413568, 0.8830982, -0.4365988, 1.702472, Tracked, 0.9019584, -0.1125042, 1.77066, Tracked, 0.9134567, 0.1999002, 1.82336, Tracked, 0.9840806, 0.2944638, 1.849594, Tracked, 0.729297, 0.1028193, 1.754502, Tracked, 0.535638, -0.05066724, 1.756907, Tracked, 0.6722522, -0.2406722, 1.605794, Tracked, 0.7206403, -0.3053443, 1.589267, Inferred, 1.098065, 0.02353344, 1.871883, Tracked, 1.090933, -0.2124007, 1.787691, Tracked, 1.043728, -0.3423777, 1.599866, Inferred, 1.030276, -0.3862108, 1.540949, Inferred, 0.7962685, -0.4086809, 1.64379, Tracked, 0.7330694, -0.6859692, 1.572958, Tracked, 0.6902465, -0.9887128, 1.55487, Inferred, 0.7060549, -1.016659, 1.425425, Inferred, 0.9333469, -0.4466269, 1.691232, Tracked, 0.9789749, -0.6935261, 1.618092, Tracked, 0.9577548, -0.8583566, 1.777855, Tracked, 0.9478051, -0.8148972, 1.619036, Tracked, 0.911764, 0.1232942, 1.812653, Tracked, 0.7451434, -0.3626407, 1.559642, Tracked, 0.6772861, -0.3021435, 1.505161, Tracked, 1.010718, -0.4018431, 1.517852, Inferred, 1.027392, -0.3970499, 1.51922, Inferred,
1.9063189, 0.8740572, -0.4374916, 1.698825, Tracked, 0.8914316, -0.1116781, 1.766656, Tracked, 0.901467, 0.2024541, 1.819145, Tracked, 0.9713214, 0.2970126, 1.845162, Tracked, 0.7212198, 0.1033151, 1.748024, Tracked, 0.5292236, -0.04907486, 1.743551, Tracked, 0.6597577, -0.1972323, 1.62803, Tracked, 0.7058529, -0.2431073, 1.604324, Inferred, 1.074595, 0.023315, 1.864597, Tracked, 1.076849, -0.2115639, 1.77733, Tracked, 1.024592, -0.3452612, 1.59374, Inferred, 0.9904271, -0.4251051, 1.600153, Inferred, 0.7873607, -0.4105673, 1.638922, Tracked, 0.728368, -0.6876155, 1.573407, Tracked, 0.7032169, -0.9926055, 1.556101, Inferred, 0.7244672, -1.018958, 1.427858, Inferred, 0.9245543, -0.4464935, 1.688803, Tracked, 0.9753864, -0.6909388, 1.61083, Tracked, 0.9558517, -0.8525799, 1.773779, Tracked, 0.9452586, -0.8112137, 1.614473, Tracked, 0.900138, 0.1254147, 1.808483, Tracked, 0.7429737, -0.2982248, 1.564972, Tracked, 0.6584561, -0.2951924, 1.601772, Tracked, 0.984589, -0.4377097, 1.575651, Tracked, 0.9774184, -0.4137715, 1.587167, Tracked,
1.9741901, 0.8693706, -0.4370058, 1.696558, Tracked, 0.8851172, -0.1108599, 1.764173, Tracked, 0.8935468, 0.2033506, 1.816464, Tracked, 0.9634415, 0.2990209, 1.84228, Tracked, 0.7133704, 0.1035681, 1.741258, Tracked, 0.5204884, -0.04948967, 1.726365, Tracked, 0.6564601, -0.2020919, 1.625797, Tracked, 0.705183, -0.2524462, 1.60421, Inferred, 1.065295, 0.03575356, 1.866226, Inferred, 1.06062, -0.212064, 1.767646, Tracked, 0.980499, -0.367853, 1.615026, Tracked, 0.9441193, -0.4193681, 1.588287, Tracked, 0.7831422, -0.4109254, 1.635368, Tracked, 0.7239822, -0.6858601, 1.572902, Tracked, 0.6944346, -0.9922717, 1.564065, Inferred, 0.7163421, -1.022195, 1.437635, Inferred, 0.9193375, -0.4449612, 1.687773, Tracked, 0.9711379, -0.68728, 1.600483, Tracked, 0.9263915, -0.8634623, 1.745034, Tracked, 0.9297286, -0.8120259, 1.58961, Tracked, 0.8926137, 0.1263217, 1.805857, Tracked, 0.7463868, -0.3012479, 1.568412, Tracked, 0.6519855, -0.3034624, 1.59656, Tracked, 0.9160271, -0.4580769, 1.564316, Tracked, 0.8827026, -0.3716541, 1.553444, Tracked,
2.0403198, 0.8619857, -0.4386035, 1.692535, Tracked, 0.8765852, -0.1113667, 1.761209, Tracked, 0.8839934, 0.2038377, 1.814538, Tracked, 0.9582852, 0.3000014, 1.840286, Tracked, 0.705404, 0.1015913, 1.735901, Tracked, 0.5163822, -0.05588404, 1.709684, Tracked, 0.6539301, -0.2064015, 1.608695, Tracked, 0.7054001, -0.2554255, 1.597431, Inferred, 1.054225, 0.03777369, 1.863076, Tracked, 1.048608, -0.2129101, 1.759085, Tracked, 0.9733779, -0.3758182, 1.612411, Tracked, 0.9521441, -0.4212615, 1.585877, Tracked, 0.7761583, -0.4135129, 1.630379, Tracked, 0.7204292, -0.686161, 1.571909, Tracked, 0.6975881, -0.9954414, 1.556018, Inferred, 0.7216145, -1.021914, 1.428862, Inferred, 0.9118926, -0.445554, 1.684678, Tracked, 0.9671091, -0.6843827, 1.587288, Tracked, 1.0543, -0.9866445, 1.503969, Inferred, 1.086974, -0.9910365, 1.375814, Inferred, 0.8832976, 0.1265699, 1.803673, Tracked, 0.7430854, -0.3070896, 1.551194, Tracked, 0.6473774, -0.3071152, 1.580419, Tracked, 0.9211507, -0.4496664, 1.554289, Tracked, 0.9057347, -0.3918912, 1.556849, Tracked,
2.1063027, 0.8557644, -0.4388491, 1.688252, Tracked, 0.8701952, -0.1115657, 1.758676, Tracked, 0.8772594, 0.2035165, 1.813395, Tracked, 0.9499102, 0.3026428, 1.837411, Tracked, 0.696824, 0.1000339, 1.730433, Tracked, 0.5096633, -0.06769335, 1.691156, Tracked, 0.6403663, -0.2262885, 1.593767, Tracked, 0.6857867, -0.2732238, 1.591948, Inferred, 1.048033, 0.03986808, 1.861432, Tracked, 1.038574, -0.2107665, 1.755102, Tracked, 0.9676124, -0.3610006, 1.592765, Tracked, 0.9395884, -0.416593, 1.576274, Tracked, 0.7706613, -0.4142308, 1.62474, Tracked, 0.7172372, -0.6872672, 1.571005, Tracked, 0.6901095, -0.9956652, 1.566692, Inferred, 0.7138338, -1.026794, 1.441571, Inferred, 0.9051586, -0.4452882, 1.681595, Tracked, 0.9637063, -0.6804097, 1.575106, Tracked, 1.054984, -0.978609, 1.480412, Inferred, 1.087712, -0.9804282, 1.351991, Inferred, 0.8766684, 0.1262944, 1.802212, Tracked, 0.7030706, -0.3306316, 1.575345, Tracked, 0.6376442, -0.3208733, 1.580649, Tracked, 0.9243256, -0.4424638, 1.555843, Tracked, 0.8821008, -0.3803467, 1.546732, Tracked,
2.1732504, 0.8525313, -0.4416789, 1.683731, Tracked, 0.8655098, -0.1133713, 1.755824, Tracked, 0.8710539, 0.202517, 1.81205, Tracked, 0.9436597, 0.3016508, 1.836569, Tracked, 0.6900678, 0.09690951, 1.726694, Tracked, 0.5102619, -0.07665095, 1.681254, Tracked, 0.6379629, -0.2403484, 1.589878, Tracked, 0.6868377, -0.2954427, 1.583724, Tracked, 1.038639, 0.02629609, 1.849583, Tracked, 1.036341, -0.2101655, 1.751777, Tracked, 0.9677663, -0.3651339, 1.593561, Tracked, 0.9378492, -0.4167363, 1.569871, Tracked, 0.7677078, -0.4174686, 1.618018, Tracked, 0.7149343, -0.6902311, 1.570027, Tracked, 0.7032263, -0.9992795, 1.553678, Inferred, 0.7293004, -1.023758, 1.426557, Inferred, 0.9017782, -0.4476166, 1.678956, Tracked, 0.9615439, -0.6797224, 1.565027, Tracked, 1.054381, -0.9747458, 1.460938, Inferred, 1.085862, -0.9744512, 1.331711, Inferred, 0.870854, 0.1251019, 1.800486, Tracked, 0.7302407, -0.3473539, 1.561722, Tracked, 0.6374525, -0.3387758, 1.587594, Tracked, 0.9230996, -0.4576149, 1.543368, Tracked, 0.8739033, -0.3864324, 1.532, Tracked,
2.2400391, 0.8496224, -0.4423158, 1.678837, Tracked, 0.8625643, -0.1140676, 1.752908, Tracked, 0.8683887, 0.2018457, 1.810761, Tracked, 0.938015, 0.3028694, 1.834797, Tracked, 0.6842341, 0.09503294, 1.724123, Tracked, 0.5102782, -0.08360691, 1.673224, Tracked, 0.6180568, -0.2534154, 1.565929, Tracked, 0.6692908, -0.2807934, 1.583116, Tracked, 1.03159, 0.03465236, 1.844287, Tracked, 1.036572, -0.2073428, 1.751887, Tracked, 0.9700206, -0.3618505, 1.592338, Tracked, 0.9383354, -0.4143884, 1.566921, Tracked, 0.765051, -0.4184694, 1.613695, Tracked, 0.7128867, -0.6940935, 1.568061, Tracked, 0.6936929, -0.9996926, 1.557686, Inferred, 0.7170552, -1.027192, 1.430765, Inferred, 0.8987314, -0.4476103, 1.673561, Tracked, 0.9591375, -0.6785607, 1.558085, Tracked, 1.052899, -0.9726455, 1.451923, Inferred, 1.083397, -0.9714873, 1.322187, Inferred, 0.8680987, 0.1244232, 1.798835, Tracked, 0.7073776, -0.3213067, 1.544525, Tracked, 0.6327693, -0.3176252, 1.58834, Tracked, 0.9149008, -0.4625455, 1.538851, Tracked, 0.8756866, -0.385648, 1.528957, Tracked,
2.3081203, 0.8469583, -0.442313, 1.673482, Tracked, 0.8591235, -0.11384, 1.749354, Tracked, 0.8644171, 0.2022199, 1.808891, Tracked, 0.9347556, 0.3051372, 1.832574, Tracked, 0.6818308, 0.09445649, 1.723554, Tracked, 0.5144929, -0.09155353, 1.670243, Tracked, 0.6190461, -0.2644635, 1.564994, Tracked, 0.6657549, -0.3059386, 1.580813, Inferred, 1.017841, 0.03565723, 1.825193, Inferred, 1.032719, -0.2095913, 1.746504, Tracked, 0.9757425, -0.3709036, 1.590551, Tracked, 0.9452736, -0.4270216, 1.562994, Tracked, 0.7614336, -0.4185192, 1.609244, Tracked, 0.7125852, -0.6956142, 1.566449, Tracked, 0.6951826, -0.9991176, 1.569516, Inferred, 0.7155796, -1.031675, 1.443978, Inferred, 0.8970317, -0.4475638, 1.667468, Tracked, 0.958771, -0.6784276, 1.554795, Tracked, 1.054377, -0.9728847, 1.451989, Inferred, 1.082285, -0.9715531, 1.321077, Inferred, 0.8642382, 0.1247676, 1.796557, Tracked, 0.6856986, -0.352879, 1.527488, Tracked, 0.6289939, -0.3350869, 1.601414, Tracked, 0.9324434, -0.479952, 1.533622, Tracked, 0.8861354, -0.3918835, 1.53166, Tracked,
2.3732916, 0.8472082, -0.4410621, 1.670561, Tracked, 0.8588235, -0.1131014, 1.747401, Tracked, 0.8638722, 0.202546, 1.807923, Tracked, 0.934204, 0.3064727, 1.831608, Tracked, 0.6816573, 0.09430326, 1.723608, Tracked, 0.5208036, -0.09768289, 1.67197, Tracked, 0.6165056, -0.2726996, 1.561149, Tracked, 0.6641686, -0.3128594, 1.57463, Inferred, 1.017532, 0.0360904, 1.82258, Inferred, 1.03239, -0.2132484, 1.745961, Tracked, 0.9867553, -0.3759571, 1.588025, Tracked, 0.9631849, -0.4263565, 1.567639, Tracked, 0.7614326, -0.4175736, 1.606821, Tracked, 0.7129199, -0.6957429, 1.565493, Tracked, 0.68427, -0.9883376, 1.62275, Inferred, 0.7000123, -1.049884, 1.51725, Inferred, 0.8974752, -0.4460415, 1.664242, Tracked, 0.959453, -0.6767237, 1.552695, Tracked, 1.055553, -0.9713857, 1.451145, Inferred, 1.083029, -0.969949, 1.320085, Inferred, 0.8637206, 0.1251853, 1.795358, Tracked, 0.6839596, -0.3602514, 1.522808, Tracked, 0.6279455, -0.3394682, 1.599824, Tracked, 0.9508779, -0.4534475, 1.544912, Tracked, 0.9264476, -0.4000455, 1.548871, Tracked,
2.4403546, 0.8479344, -0.4405432, 1.667334, Tracked, 0.8589483, -0.1128273, 1.745414, Tracked, 0.8636502, 0.2026122, 1.807076, Tracked, 0.9336125, 0.3087851, 1.830276, Tracked, 0.681663, 0.09410107, 1.723763, Tracked, 0.5273938, -0.1020748, 1.673601, Tracked, 0.6138932, -0.2782041, 1.556937, Tracked, 0.6653803, -0.3184475, 1.568703, Inferred, 1.01758, 0.03611826, 1.820844, Inferred, 1.037927, -0.2095863, 1.755439, Tracked, 0.9942853, -0.3642534, 1.589056, Tracked, 0.9624283, -0.4195036, 1.566956, Tracked, 0.7616557, -0.4175371, 1.605292, Tracked, 0.7147974, -0.6952255, 1.562893, Tracked, 0.6950017, -0.9938533, 1.595436, Inferred, 0.7137984, -1.040757, 1.478282, Inferred, 0.8987643, -0.4448022, 1.658966, Tracked, 0.9602733, -0.676228, 1.55106, Tracked, 1.056043, -0.9722466, 1.453908, Inferred, 1.083428, -0.9712816, 1.322928, Inferred, 0.8635511, 0.1252968, 1.794253, Tracked, 0.6817851, -0.3673641, 1.51784, Tracked, 0.6314455, -0.34363, 1.593928, Tracked, 0.970427, -0.4645984, 1.535656, Tracked, 0.9170315, -0.3989787, 1.542347, Tracked,
2.5062719, 0.8499135, -0.4403787, 1.663819, Tracked, 0.8603694, -0.1126312, 1.74239, Tracked, 0.8644537, 0.2027644, 1.804854, Tracked, 0.9351255, 0.3083331, 1.827113, Tracked, 0.6828572, 0.09291281, 1.722842, Tracked, 0.5360553, -0.1069828, 1.670183, Tracked, 0.6143384, -0.2862279, 1.552825, Tracked, 0.6694693, -0.3244077, 1.565459, Inferred, 1.018878, 0.03623876, 1.817785, Inferred, 1.041183, -0.2107325, 1.75371, Tracked, 1.00123, -0.3719153, 1.593565, Tracked, 0.9660925, -0.4275712, 1.558811, Tracked, 0.7632778, -0.4176216, 1.602003, Tracked, 0.7161899, -0.694972, 1.561554, Tracked, 0.6711691, -0.9862418, 1.617952, Inferred, 0.6786022, -1.050997, 1.513182, Inferred, 0.9009061, -0.4444318, 1.655336, Tracked, 0.9628226, -0.6754079, 1.547985, Tracked, 1.059322, -0.9713121, 1.45137, Inferred, 1.086238, -0.9701761, 1.320261, Inferred, 0.8645083, 0.1254672, 1.791798, Tracked, 0.6780052, -0.3746897, 1.513464, Tracked, 0.6385146, -0.3508117, 1.591783, Tracked, 0.9606416, -0.478059, 1.529694, Tracked, 0.9143159, -0.3947467, 1.533833, Tracked,
2.5755926, 0.8156052, -0.538923, 1.590845, Tracked, 0.8025333, -0.1910798, 1.667636, Tracked, 0.7832209, 0.144231, 1.727232, Tracked, 0.7614189, 0.1440947, 1.70475, Tracked, 0.6117424, 0.03365594, 1.652866, Inferred, 0.5143667, -0.1734895, 1.641938, Tracked, 0.6771505, -0.273417, 1.518969, Tracked, 0.7256838, -0.3135376, 1.531395, Inferred, 0.9440293, 0.05079753, 1.784452, Inferred, 1.033655, -0.2297305, 1.698983, Tracked, 1.005801, -0.3870283, 1.532654, Inferred, 0.9987775, -0.4400202, 1.480885, Inferred, 0.7177684, -0.5372434, 1.579287, Tracked, 0.7232869, -0.7783216, 1.47106, Inferred, 0.6932557, -0.5322635, 1.493195, Tracked, 0.6812558, -0.6087877, 1.421776, Inferred, 0.8781462, -0.5173295, 1.533697, Tracked, 0.8688515, -0.7680326, 1.487213, Inferred, 0.8910159, -0.9622983, 1.730953, Inferred, 0.909668, -0.8212891, 1.716797, Tracked, 0.78905, 0.06204209, 1.714979, Tracked, 0.7671571, -0.3509307, 1.484197, Tracked, 0.6717965, -0.3565154, 1.511211, Tracked, 0.9952357, -0.4888127, 1.449995, Inferred, 0.9448897, -0.4081202, 1.450826, Inferred,
2.6397084, 0, 0, 0, NotTracked, 0, 0, 0, NotTracked, 0, 0, 0, NotTracked, 0.09723303, -0.03655014, 0.2203715, Tracked, 0, 0, 0, NotTracked, 0.1126165, -0.03753703, 0.3164091, Tracked, 0.2212676, -0.09387496, 0.5744565, Inferred, 0.2961205, -0.09855086, 0.5774838, Inferred, 0, 0, 0, NotTracked, 0.1492088, -0.0568324, 0.2978474, Tracked, 0.2413934, -0.08582398, 0.5667812, Inferred, 0.2032574, -0.05062106, 0.5878661, Tracked, 0, 0, 0, NotTracked, 0, 0, 0, NotTracked, 0.1624015, 0.08607844, 0.3125498, Inferred, 0.1991723, 0.03759728, 0.390426, Inferred, 0, 0, 0, NotTracked, 0.1406679, -0.05475326, 0.3708731, Tracked, 0.1617323, -0.2607399, 0.611208, Inferred, 0.2028353, -0.2358632, 0.6958371, Inferred, 0, 0, 0, NotTracked, 0.298989, -0.1110373, 0.5650914, Inferred, 0.2709883, -0.1068993, 0.557645, Inferred, 0.153468, -0.04994739, 0.5933076, Inferred, 0.2301805, -0.01881757, 0.6001573, Inferred,
