Time,SpineBaseX,SpineBaseY,SpineBaseZ,SpineMidX,SpineMidY,SpineMidZ,NeckX,NeckY,NeckZ,HeadX,HeadY,HeadZ,ShoulderLeftX,ShoulderLeftY,ShoulderLeftZ,ElbowLeftX,ElbowLeftY,ElbowLeftZ,WristLeftX,WristLeftY,WristLeftZ,HandLeftX,HandLeftY,HandLeftZ,ShoulderRightX,ShoulderRightY,ShoulderRightZ,ElbowRightX,ElbowRightY,ElbowRightZ,WristRightX,WristRightY,WristRightZ,HandRightX,HandRightY,HandRightZ,HipLeftX,HipLeftY,HipLeftZ,KneeLeftX,KneeLeftY,KneeLeftZ,AnkleLeftX,AnkleLeftY,AnkleLeftZ,FootLeftX,FootLeftY,FootLeftZ,HipRightX,HipRightY,HipRightZ,KneeRightX,KneeRightY,KneeRightZ,AnkleRightX,AnkleRightY,AnkleRightZ,FootRightX,FootRightY,FootRightZ,SpineShoulderX,SpineShoulderY,SpineShoulderZ,HandTipLeftX,HandTipLeftY,HandTipLeftZ,ThumbLeftX,ThumbLeftY,ThumbLeftZ,HandTipRightX,HandTipRightY,HandTipRightZ,ThumbRightX,ThumbRightY,ThumbRightZ0.0165837, -0.6540402, -0.4717775, 1.27571, -0.7364667, -0.1789306, 1.278776, -0.8064244, 0.1009983, 1.270259, -0.8524927, 0.2111427, 1.292882, -0.817355, -0.04214319, 1.216631, -0.9545304, -0.193558, 1.197463, -0.8455924, 0.07492024, 1.191796, -0.8204686, 0.1046749, 1.205487, -0.7016011, -0.02285722, 1.245197, -0.4168124, -0.104519, 1.246616, -0.1937773, -0.1052731, 1.202725, -0.1415297, -0.07719931, 1.211081, -0.7191771, -0.4809051, 1.228061, -0.7753289, -0.4708123, 0.8323227, -0.8450143, -0.4687214, 0.4488795, -0.8012509, -0.4368784, 0.3178883, -0.5532244, -0.4394684, 1.258707, -0.2501364, -0.5632019, 1.219405, -0.2949767, -0.7306339, 1.597415, -0.2476231, -0.6450722, 1.62109, -0.7910045, 0.03278825, 1.274417, -0.8236411, 0.1773308, 1.183874, -0.7858806, 0.1084668, 1.220774, -0.07987308, -0.04449952, 1.207868, -0.1300357, -0.1027204, 1.258115,
0.0525586, -0.6535226, -0.4725745, 1.276321, -0.7362064, -0.17924, 1.278971, -0.806329, 0.1009805, 1.270116, -0.8523974, 0.2111256, 1.292739, -0.8173402, -0.04213636, 1.216625, -0.9545156, -0.1935513, 1.197457, -0.8462254, 0.0751754, 1.191656, -0.8197147, 0.09081925, 1.201733, -0.7015225, -0.02288719, 1.245201, -0.416721, -0.1044834, 1.246742, -0.1820955, -0.1007742, 1.202003, -0.1419489, -0.07766172, 1.208531, -0.7191178, -0.4810905, 1.228359, -0.7753265, -0.4709368, 0.832631, -0.8450683, -0.468786, 0.4492009, -0.8012859, -0.4370659, 0.3181881, -0.552476, -0.4408567, 1.259503, -0.2496584, -0.5648535, 1.21548, -0.2956325, -0.6472887, 1.621212, -0.2462158, -0.53125, 1.638672, -0.7908819, 0.03272036, 1.274352, -0.8276186, 0.1630078, 1.180412, -0.7873842, 0.09978593, 1.215618, -0.0790308, -0.04646201, 1.207358, -0.1257225, -0.103355, 1.257267,
0.0835604, -0.6535527, -0.472803, 1.276521, -0.7361869, -0.1792702, 1.279033, -0.806281, 0.1011307, 1.270004, -0.8523494, 0.2112821, 1.292625, -0.8173338, -0.04208534, 1.216626, -0.9545094, -0.193501, 1.197459, -0.8464403, 0.07531444, 1.19104, -0.8139557, 0.1635194, 1.200507, -0.7014327, -0.02287293, 1.245184, -0.4166459, -0.1044765, 1.246974, -0.1806544, -0.1005693, 1.201875, -0.1415751, -0.07837807, 1.207948, -0.7190243, -0.4811741, 1.228607, -0.7753382, -0.4709102, 0.8328981, -0.8451851, -0.4686475, 0.4494897, -0.8014196, -0.4369968, 0.3184587, -0.5529174, -0.4412666, 1.259671, -0.2503395, -0.5656073, 1.213316, -0.2955847, -0.6477697, 1.619202, -0.3023862, -0.6584755, 1.698632, -0.7908421, 0.03277602, 1.274321, -0.7786946, 0.2272676, 1.187652, -0.7548633, 0.2029061, 1.1759, -0.07921681, -0.04650776, 1.204764, -0.1328849, -0.1066628, 1.243759,
0.1194661, -0.6537894, -0.472878, 1.276762, -0.736181, -0.1792732, 1.279085, -0.8060938, 0.1012753, 1.269841, -0.8521596, 0.2114338, 1.292462, -0.8173037, -0.04206846, 1.21662, -0.9544795, -0.1934845, 1.197452, -0.8464798, 0.07535944, 1.19068, -0.8179875, 0.08524895, 1.198464, -0.701547, -0.02259659, 1.245151, -0.4167456, -0.1040832, 1.247363, -0.1779494, -0.09914933, 1.201242, -0.1394899, -0.07629476, 1.208567, -0.719046, -0.4810688, 1.228909, -0.7753197, -0.4709441, 0.8331922, -0.8451251, -0.4688213, 0.4497774, -0.8013737, -0.4372689, 0.3187242, -0.5539333, -0.4415807, 1.259915, -0.2509766, -0.5650592, 1.212429, -0.2892467, -0.5645255, 1.62903, -0.2134819, -0.5140533, 1.654021, -0.7907183, 0.03284676, 1.274259, -0.8275647, 0.1592625, 1.176927, -0.7884777, 0.09965017, 1.213019, -0.07660887, -0.04643124, 1.207855, -0.1285003, -0.1030823, 1.249447,
0.1523592, -0.6537924, -0.472736, 1.276969, -0.7360753, -0.1791445, 1.279158, -0.8057667, 0.1016486, 1.269519, -0.8518279, 0.211824, 1.29214, -0.8172665, -0.04202784, 1.216599, -0.9544427, -0.1934446, 1.197431, -0.8462793, 0.07534079, 1.189754, -0.8170625, 0.08632841, 1.196553, -0.701509, -0.02208261, 1.245163, -0.4166749, -0.1033228, 1.24814, -0.175918, -0.0972638, 1.200059, -0.1385832, -0.07311891, 1.207401, -0.7187991, -0.4808087, 1.229149, -0.7749677, -0.4707696, 0.8334082, -0.8446634, -0.4687305, 0.4499702, -0.8009223, -0.4372914, 0.3188901, -0.5543386, -0.4413571, 1.260215, -0.2514369, -0.5649749, 1.212788, -0.2846572, -0.6453584, 1.620296, -0.2023593, -0.6381505, 1.64952, -0.7904345, 0.03312817, 1.274085, -0.8269584, 0.1589599, 1.176066, -0.7873732, 0.1004523, 1.211238, -0.07718207, -0.0397329, 1.202483, -0.1232971, -0.09184271, 1.257818,
0.1869823, -0.6521257, -0.4712963, 1.278201, -0.7351705, -0.1781461, 1.27962, -0.8053858, 0.1025342, 1.269215, -0.8514385, 0.2127451, 1.291832, -0.8172363, -0.04192871, 1.216596, -0.9544129, -0.1933469, 1.197428, -0.8465555, 0.07555439, 1.188884, -0.8134135, 0.1621093, 1.198332, -0.7008313, -0.02150876, 1.245319, -0.4154868, -0.1007828, 1.249273, -0.1737639, -0.09427653, 1.198177, -0.1360985, -0.06868976, 1.207015, -0.7163418, -0.4793107, 1.22994, -0.7718865, -0.4690618, 0.8340533, -0.8409228, -0.4667915, 0.4504651, -0.7971714, -0.4355389, 0.3192963, -0.5535182, -0.4397448, 1.26176, -0.2525372, -0.5668302, 1.209443, -0.2796716, -0.6473088, 1.617448, -0.2467041, -0.5283203, 1.632813, -0.7899081, 0.03400122, 1.273953, -0.7801872, 0.2268722, 1.181635, -0.7882581, 0.1592835, 1.214824, -0.07567657, -0.04025997, 1.205162, -0.1183752, -0.08287357, 1.261222,
0.2186679, -0.6517008, -0.470697, 1.278587, -0.7345827, -0.1770691, 1.279847, -0.8047134, 0.104461, 1.268742, -0.8507483, 0.2147471, 1.291352, -0.8171768, -0.04173493, 1.216579, -0.9543542, -0.1931562, 1.197411, -0.8471249, 0.07597959, 1.188247, -0.8160903, 0.08761022, 1.192862, -0.6997562, -0.01987468, 1.245716, -0.4139986, -0.09736156, 1.251094, -0.1720358, -0.09099498, 1.198491, -0.1345575, -0.06380884, 1.208509, -0.7151355, -0.4785866, 1.230205, -0.7692298, -0.4714315, 0.8340359, -0.8367684, -0.4723139, 0.4501658, -0.793026, -0.4412341, 0.3189582, -0.5537244, -0.4389878, 1.262299, -0.2501342, -0.5611421, 1.214823, -0.2815926, -0.7223706, 1.596962, -0.263737, -0.6353993, 1.631184, -0.7891971, 0.03568221, 1.273692, -0.8278789, 0.1625065, 1.173446, -0.7834805, 0.1045855, 1.206805, -0.07245597, -0.03492469, 1.207132, -0.1239848, -0.08381351, 1.262556,
0.2532147, -0.6495353, -0.4676479, 1.279784, -0.7327173, -0.174052, 1.280522, -0.8033426, 0.1074195, 1.268528, -0.849333, 0.2178193, 1.291138, -0.8170307, -0.04147907, 1.216609, -0.9542103, -0.1929043, 1.19744, -0.8479234, 0.07658339, 1.188724, -0.8143861, 0.1161494, 1.19515, -0.6983921, -0.01774423, 1.245974, -0.4120473, -0.09271802, 1.252825, -0.169848, -0.08676138, 1.198457, -0.1322607, -0.05950776, 1.210103, -0.7113305, -0.4747072, 1.231606, -0.763151, -0.4720038, 0.8350139, -0.8283225, -0.4773819, 0.4507326, -0.7847964, -0.4465936, 0.3193732, -0.5530795, -0.4367147, 1.263111, -0.2458298, -0.5207963, 1.307812, -0.285846, -0.7062007, 1.677996, -0.3624194, -0.6530589, 1.603746, -0.7876367, 0.03867214, 1.273685, -0.8166537, 0.1889761, 1.173777, -0.7756214, 0.1206807, 1.209837, -0.06816188, -0.03000348, 1.209028, -0.124152, -0.08521008, 1.241891,
0.2845711, -0.6495265, -0.4635736, 1.280041, -0.7320666, -0.1698101, 1.28045, -0.8021927, 0.1119235, 1.267733, -0.8481469, 0.2224953, 1.290323, -0.8169631, -0.04110041, 1.216537, -0.9541436, -0.1925314, 1.197368, -0.8469786, 0.07658955, 1.184679, -0.8112195, 0.1652403, 1.195575, -0.6969442, -0.01451767, 1.246087, -0.4099875, -0.08639987, 1.255665, -0.1971174, -0.08537945, 1.212854, -0.1338719, -0.05850894, 1.21109, -0.7108195, -0.4696368, 1.232081, -0.7643948, -0.4699273, 0.8357927, -0.8313307, -0.4782717, 0.4518884, -0.7882391, -0.4480108, 0.3204231, -0.5537758, -0.4335808, 1.263041, -0.2525302, -0.5604601, 1.211757, -0.2343145, -0.7395585, 1.58733, -0.2215267, -0.7786113, 1.656838, -0.7865561, 0.04312022, 1.273071, -0.789031, 0.2291516, 1.186453, -0.7778878, 0.1403759, 1.200587, -0.06447062, -0.02864592, 1.213562, -0.1196864, -0.0762785, 1.259833,
0.3191414, -0.6515003, -0.4505801, 1.280858, -0.7310262, -0.1504727, 1.277797, -0.7970611, 0.1396494, 1.259277, -0.8494008, 0.2488022, 1.281032, -0.8139772, -0.02224821, 1.210272, -0.9511785, -0.1739715, 1.191129, -0.8417259, 0.09422307, 1.18067, -0.8070023, 0.1815752, 1.191397, -0.6924118, 0.009882603, 1.242222, -0.4103726, -0.07775278, 1.257052, -0.1978138, -0.08590148, 1.213445, -0.1314507, -0.05732704, 1.212638, -0.7109357, -0.4554925, 1.233245, -0.764185, -0.466956, 0.8371959, -0.8307636, -0.4864675, 0.4536588, -0.7864031, -0.4583693, 0.3221149, -0.5579073, -0.4220636, 1.263242, -0.2646395, -0.5648559, 1.212222, -0.2275801, -0.7223368, 1.596431, -0.2085377, -0.7557659, 1.668045, -0.7824855, 0.06862243, 1.266244, -0.7796544, 0.246475, 1.18022, -0.7749687, 0.1458266, 1.196529, -0.06095202, -0.02976931, 1.217144, -0.1193537, -0.0793187, 1.248821,
0.3570408, -0.6500758, -0.4472831, 1.281601, -0.7303696, -0.1501293, 1.278164, -0.7963609, 0.1376556, 1.260276, -0.8405045, 0.2470559, 1.277699, -0.8139144, -0.02594733, 1.211645, -0.95112, -0.1776138, 1.192492, -0.8568763, 0.09569998, 1.171911, -0.814788, 0.1767422, 1.184147, -0.6916756, 0.008881737, 1.243025, -0.4079354, -0.07241664, 1.259985, -0.1959964, -0.08559389, 1.214447, -0.1280361, -0.05693542, 1.212744, -0.708767, -0.4515118, 1.234557, -0.7629947, -0.4357781, 0.8382929, -0.8306819, -0.4274834, 0.4543947, -0.7864088, -0.3993361, 0.3225126, -0.557305, -0.4197363, 1.263409, -0.266579, -0.5670483, 1.21232, -0.2721288, -0.6726158, 1.615283, -0.2679076, -0.6897659, 1.693862, -0.781843, 0.06762281, 1.266897, -0.7953957, 0.2352858, 1.165419, -0.7793995, 0.152961, 1.177045, -0.05828907, -0.02903937, 1.213984, -0.1187074, -0.08219768, 1.252221,
0.3852906, -0.652225, -0.432901, 1.283266, -0.7276433, -0.1336696, 1.277888, -0.7899528, 0.1536484, 1.258166, -0.8329602, 0.2637658, 1.273023, -0.8094726, -0.01281868, 1.209752, -0.9467369, -0.1646886, 1.190597, -0.7034529, -0.007507132, 1.220285, -0.6231321, 0.0674878, 1.226041, -0.6801445, 0.03006754, 1.24351, -0.402308, -0.06749742, 1.265446, -0.1918816, -0.08589777, 1.214331, -0.1228391, -0.05853766, 1.214613, -0.7094084, -0.4349391, 1.237023, -0.7625542, -0.4317531, 0.8403968, -0.8291052, -0.435995, 0.4563279, -0.7847524, -0.409256, 0.3242819, -0.5609003, -0.408141, 1.264086, -0.2788059, -0.5699508, 1.212374, -0.2873905, -0.6652645, 1.617884, -0.2838665, -0.6796945, 1.697193, -0.7762659, 0.08350679, 1.265255, -0.5739289, 0.08965894, 1.251209, -0.55428, 0.03356812, 1.21144, -0.05479434, -0.02976795, 1.210311, -0.1079921, -0.08296849, 1.261625,
0.4203963, -0.6523442, -0.4274431, 1.285159, -0.727089, -0.131684, 1.278856, -0.7894827, 0.1538644, 1.258652, -0.8268251, 0.2783215, 1.270488, -0.8100439, -0.01660899, 1.21127, -0.9473055, -0.1684194, 1.192109, -0.7075335, -0.005589586, 1.219869, -0.6271985, 0.07501505, 1.224137, -0.6797569, 0.02968434, 1.243966, -0.4008233, -0.06406152, 1.267674, -0.1906655, -0.08690648, 1.217542, -0.11812, -0.0626372, 1.21597, -0.7102443, -0.4301346, 1.23834, -0.7625916, -0.4243025, 0.8415524, -0.8283559, -0.4257668, 0.4573746, -0.7848483, -0.3995724, 0.325084, -0.5604138, -0.4025339, 1.266378, -0.2846541, -0.5727142, 1.204648, -0.2939347, -0.6655981, 1.610695, -0.2906251, -0.6792894, 1.690215, -0.7757542, 0.0840079, 1.265815, -0.5775868, 0.1031549, 1.245439, -0.5630575, 0.0411664, 1.215241, -0.05102249, -0.03358099, 1.209409, -0.1033875, -0.08852591, 1.267714,
0.4495042, -0.6509233, -0.4067357, 1.288845, -0.7187412, -0.1092958, 1.280214, -0.7740119, 0.1761967, 1.257357, -0.8174484, 0.292651, 1.267708, -0.8157671, -0.004702353, 1.207885, -0.9529575, -0.1566858, 1.188788, -0.7102857, 0.001482605, 1.218191, -0.6290343, 0.08067499, 1.220743, -0.6563992, 0.05175556, 1.251141, -0.3871166, -0.06579968, 1.272529, -0.1776853, -0.09147697, 1.220951, -0.1041644, -0.06831694, 1.21714, -0.7083806, -0.4093858, 1.23968, -0.7628332, -0.4149697, 0.8432958, -0.8306578, -0.4277292, 0.4598222, -0.7852017, -0.4029543, 0.3276258, -0.5597095, -0.3829969, 1.271914, -0.3021414, -0.5758803, 1.200488, -0.364942, -0.6633372, 1.60248, -0.3752045, -0.6753709, 1.681294, -0.7619919, 0.1065615, 1.265229, -0.5758025, 0.1116472, 1.240271, -0.5621465, 0.04980144, 1.212, -0.03834363, -0.0420435, 1.210614, -0.08022251, -0.08956592, 1.268273,
0.4901034, -0.6464863, -0.3961543, 1.291082, -0.7118408, -0.1007958, 1.281607, -0.7653968, 0.1823141, 1.258124, -0.8048246, 0.3044692, 1.26644, -0.8153438, 0.01528644, 1.20963, -0.9525803, -0.1369871, 1.190565, -0.7053285, 0.01396434, 1.219845, -0.6245253, 0.09062436, 1.224307, -0.6440259, 0.05811964, 1.255931, -0.3843112, -0.06305075, 1.277643, -0.1754336, -0.09527078, 1.228129, -0.1006046, -0.07962681, 1.220669, -0.7037359, -0.3981923, 1.240772, -0.7615367, -0.4078441, 0.8450091, -0.8326523, -0.4245534, 0.4624404, -0.7864577, -0.4002143, 0.3302465, -0.5557169, -0.373564, 1.274954, -0.3109201, -0.5792509, 1.194565, -0.3701584, -0.6684281, 1.596571, -0.3793246, -0.6808794, 1.675489, -0.7537352, 0.1132771, 1.266137, -0.5705439, 0.1212178, 1.242919, -0.557308, 0.05824488, 1.216391, -0.03299778, -0.05356394, 1.212761, -0.08375436, -0.1060439, 1.274125,
0.5172348, -0.639076, -0.3838922, 1.293282, -0.6994975, -0.09081059, 1.284447, -0.7473258, 0.1896834, 1.261954, -0.7803175, 0.3182607, 1.267687, -0.8111101, 0.02608363, 1.212096, -0.812369, -0.1867591, 1.184001, -0.6260237, 0.03132547, 1.22562, -0.643385, 0.102911, 1.222154, -0.5839131, 0.07426073, 1.275657, -0.374599, -0.06181986, 1.282912, -0.1665511, -0.1024157, 1.237433, -0.09547038, -0.09264782, 1.223087, -0.6952628, -0.3835736, 1.241987, -0.7560017, -0.3997509, 0.8469099, -0.8299545, -0.4228675, 0.4652456, -0.7827939, -0.398715, 0.3330615, -0.5496186, -0.3640264, 1.277663, -0.3192892, -0.583309, 1.192718, -0.4204079, -0.5509252, 1.597675, -0.2963242, -0.5446441, 1.633, -0.7371575, 0.1213631, 1.269694, -0.6177434, 0.1495234, 1.248204, -0.5744802, 0.07043443, 1.200744, -0.02985101, -0.06976284, 1.220678, -0.07628305, -0.1182721, 1.2615,
0.5527859, -0.6343825, -0.3735461, 1.294235, -0.6874321, -0.08241247, 1.287655, -0.7254923, 0.1955827, 1.268434, -0.7554464, 0.3282063, 1.273895, -0.810367, 0.04256305, 1.218231, -0.7939494, -0.1705959, 1.187927, -0.6058635, 0.04582878, 1.229639, -0.6254073, 0.1076081, 1.228441, -0.5634845, 0.0772746, 1.282973, -0.3580979, -0.0638719, 1.289433, -0.1517307, -0.1109592, 1.243142, -0.08193407, -0.1066518, 1.229391, -0.6879348, -0.373296, 1.242216, -0.751278, -0.3940969, 0.8477916, -0.827747, -0.4217504, 0.4669566, -0.781631, -0.3977672, 0.3345298, -0.5474258, -0.3539959, 1.27917, -0.3279493, -0.582978, 1.193034, -0.4285749, -0.5520219, 1.598096, -0.291239, -0.5431861, 1.604965, -0.7179032, 0.1280233, 1.27528, -0.5978637, 0.1515596, 1.256145, -0.5550006, 0.07673018, 1.2085, -0.01660224, -0.08913347, 1.231117, -0.06869461, -0.1383477, 1.2842,
0.5860426, -0.6282024, -0.3647588, 1.294181, -0.6716947, -0.07548277, 1.290514, -0.7003806, 0.1990029, 1.274468, -0.7284741, 0.3354676, 1.281788, -0.8110613, 0.05514005, 1.224068, -0.7647282, -0.1813851, 1.18949, -0.572099, 0.031166, 1.230934, -0.5905262, 0.09629445, 1.230469, -0.5362487, 0.07857941, 1.290514, -0.3374886, -0.06993675, 1.296416, -0.1294421, -0.1233577, 1.249017, -0.06462429, -0.1214914, 1.232929, -0.6797902, -0.3651134, 1.241141, -0.744544, -0.3908977, 0.8472304, -0.8223162, -0.4234973, 0.4670195, -0.7776296, -0.3995486, 0.3343407, -0.5434084, -0.3451759, 1.2799, -0.3338698, -0.5806028, 1.184991, -0.4332714, -0.5509174, 1.590403, -0.3694624, -0.6365977, 1.631201, -0.6948725, 0.1324069, 1.280575, -0.5496641, 0.1442322, 1.253923, -0.5257385, 0.06366664, 1.213286, -0.0003274624, -0.1109148, 1.239084, -0.02945255, -0.1432763, 1.26095,
0.6190149, -0.618406, -0.3593835, 1.294581, -0.6542479, -0.07108283, 1.295138, -0.6793088, 0.2022239, 1.282895, -0.7051654, 0.3439378, 1.289744, -0.8081784, 0.05813882, 1.228303, -0.743112, -0.1429258, 1.166277, -0.5704926, 0.08480094, 1.211165, -0.5350732, 0.1315121, 1.270688, -0.5166138, 0.07907474, 1.297364, -0.3152132, -0.07791415, 1.30372, -0.1123809, -0.1323716, 1.250782, -0.0352875, -0.138376, 1.242219, -0.6699849, -0.3598084, 1.241215, -0.7323449, -0.3893551, 0.8470138, -0.8075715, -0.4257332, 0.4664767, -0.7632927, -0.4008267, 0.3336681, -0.5344683, -0.3401953, 1.28043, -0.335429, -0.5815265, 1.17709, -0.4324307, -0.556126, 1.583333, -0.3653685, -0.6378365, 1.626591, -0.6744343, 0.1358146, 1.288117, -0.4974641, 0.1476, 1.291211, -0.4654149, 0.1004893, 1.250857, 0.03042327, -0.1425534, 1.256679, -0.0250304, -0.1689957, 1.289454,
0.6523425, -0.5997769, -0.3521204, 1.293697, -0.6300549, -0.06590147, 1.299626, -0.6504022, 0.2060461, 1.292575, -0.673408, 0.3509549, 1.298297, -0.7917234, 0.06686293, 1.238189, -0.8690776, -0.1279185, 1.222048, -0.6831838, 0.09154452, 1.256307, -0.7003083, 0.1368864, 1.23552, -0.4894149, 0.08146472, 1.306408, -0.2908978, -0.0869771, 1.310371, -0.09077582, -0.1510278, 1.259238, -0.01268149, -0.1580445, 1.247146, -0.650663, -0.3516284, 1.239713, -0.7096976, -0.3845941, 0.8449413, -0.7813284, -0.4243887, 0.463755, -0.7379128, -0.3979509, 0.3307061, -0.5173247, -0.3340724, 1.279776, -0.328579, -0.5812371, 1.17133, -0.4284942, -0.555262, 1.576936, -0.2960635, -0.5975862, 1.54523, -0.6466945, 0.1399138, 1.296482, -0.6494391, 0.2008977, 1.233342, -0.619082, 0.09957419, 1.19278, 0.05135721, -0.1700173, 1.25287, -0.02138815, -0.1902497, 1.2959,
0.6881025, -0.5806278, -0.344265, 1.294986, -0.6073658, -0.05949861, 1.306079, -0.6253555, 0.2112678, 1.303642, -0.6494744, 0.3579815, 1.309188, -0.7637009, 0.08285628, 1.253855, -0.8503934, -0.1073491, 1.22221, -0.6593543, 0.1065303, 1.26147, -0.6698517, 0.1575185, 1.252047, -0.4639574, 0.08580569, 1.317588, -0.2755111, -0.09107979, 1.316401, -0.07827736, -0.1641704, 1.26745, 0.002404532, -0.1763244, 1.251228, -0.6311326, -0.3421161, 1.24086, -0.6902384, -0.3773647, 0.8460621, -0.7616954, -0.4193754, 0.4648842, -0.7191899, -0.3914848, 0.3315506, -0.4993553, -0.3280942, 1.280791, -0.3250464, -0.5810308, 1.160611, -0.4181849, -0.5790523, 1.56801, -0.3334811, -0.6456822, 1.6122, -0.6220857, 0.1454227, 1.306462, -0.6128064, 0.2228213, 1.23256, -0.5942917, 0.1177566, 1.208404, 0.06627317, -0.1965827, 1.251199, 0.005343219, -0.21202, 1.30475,
0.7175435, -0.556971, -0.3354738, 1.295687, -0.5824276, -0.05106495, 1.31276, -0.5994326, 0.2196604, 1.31593, -0.6218082, 0.3659729, 1.320583, -0.7416814, 0.08860625, 1.261001, -0.8239973, -0.1039219, 1.227644, -0.6297112, 0.1065433, 1.268694, -0.6387286, 0.1570042, 1.259046, -0.4410354, 0.09199595, 1.327499, -0.2519923, -0.09868857, 1.323773, -0.05975977, -0.1818267, 1.271613, 0.01836084, -0.1987881, 1.255475, -0.6095597, -0.3332474, 1.241057, -0.6687511, -0.3712773, 0.8462911, -0.7400346, -0.4160395, 0.4650992, -0.6971059, -0.3861135, 0.3317538, -0.4746968, -0.3198615, 1.281473, -0.3202043, -0.5820006, 1.155215, -0.4063515, -0.6237135, 1.561047, -0.4219935, -0.6238515, 1.640854, -0.5963873, 0.1538008, 1.317349, -0.5866275, 0.2228819, 1.251327, -0.5629117, 0.1169147, 1.214791, 0.08052099, -0.2240913, 1.246481, 0.01444806, -0.2345976, 1.3088,
0.7537064, -0.5394623, -0.3285372, 1.295951, -0.5603454, -0.04342738, 1.318419, -0.5730494, 0.2277749, 1.327382, -0.5937368, 0.3755142, 1.331441, -0.7133824, 0.09772051, 1.271653, -0.8030805, -0.1147444, 1.231053, -0.6086656, 0.09560393, 1.27213, -0.6177486, 0.1381739, 1.255557, -0.4164135, 0.1002928, 1.338722, -0.2362352, -0.1041842, 1.328412, -0.04923269, -0.1981799, 1.276654, 0.02529673, -0.2188709, 1.257413, -0.5915116, -0.3247192, 1.241709, -0.6514668, -0.364653, 0.8470598, -0.7232929, -0.4112559, 0.4660308, -0.6801758, -0.3797862, 0.3326132, -0.4584205, -0.3146499, 1.280993, -0.3141979, -0.5806029, 1.150767, -0.4044562, -0.6176676, 1.556259, -0.2820197, -0.6461198, 1.581119, -0.5709995, 0.1618296, 1.32734, -0.5664071, 0.182138, 1.267259, -0.5431697, 0.1012998, 1.215241, 0.08433552, -0.2452039, 1.240975, 0.01339841, -0.2510032, 1.305944,
0.785791, -0.5214961, -0.3215423, 1.296129, -0.546657, -0.03892181, 1.321105, -0.5637378, 0.2301224, 1.331057, -0.5688609, 0.380385, 1.341123, -0.7121364, 0.09811542, 1.271978, -0.7761444, -0.1219592, 1.234599, -0.581843, 0.08849831, 1.275555, -0.5892611, 0.1360452, 1.258861, -0.4075673, 0.1032388, 1.342235, -0.2267166, -0.1058594, 1.334117, -0.04400948, -0.2053521, 1.276974, 0.02926908, -0.235702, 1.257597, -0.5732121, -0.3167129, 1.242619, -0.6358306, -0.3572218, 0.8482918, -0.7101192, -0.4043083, 0.4676519, -0.6670869, -0.3718024, 0.3340948, -0.4416501, -0.3089751, 1.280068, -0.3074503, -0.5785064, 1.146779, -0.4018126, -0.6064721, 1.552282, -0.2640664, -0.6247399, 1.540512, -0.5606309, 0.1646659, 1.33088, -0.5378987, 0.1793083, 1.268556, -0.5135604, 0.09950168, 1.220927, 0.08825613, -0.2668201, 1.24235, 0.02270731, -0.2717983, 1.3076,
0.8194606, -0.5043406, -0.3142723, 1.297481, -0.5160455, -0.02901607, 1.329385, -0.5177395, 0.2419454, 1.349129, -0.5463673, 0.3887515, 1.34916, -0.6577817, 0.1137784, 1.290166, -0.7514578, -0.1242597, 1.237733, -0.5572731, 0.08624712, 1.278561, -0.5658683, 0.134287, 1.261095, -0.3621442, 0.1151583, 1.358456, -0.2191008, -0.106586, 1.339394, -0.04203064, -0.213434, 1.277639, 0.03071049, -0.2512733, 1.255491, -0.5553603, -0.3073804, 1.244916, -0.6195109, -0.3472055, 0.8505715, -0.695145, -0.393483, 0.4699507, -0.6520564, -0.3595149, 0.3362657, -0.4258821, -0.3039181, 1.280154, -0.2860535, -0.5705057, 1.145469, -0.3917886, -0.5999972, 1.547968, -0.2600207, -0.6283013, 1.549042, -0.5185104, 0.1761096, 1.346284, -0.5091448, 0.1788002, 1.27203, -0.4929, 0.09539101, 1.222929, 0.08810702, -0.2879401, 1.240087, 0.02216381, -0.2881334, 1.303429,
0.8496218, -0.4836337, -0.3076006, 1.299714, -0.4963048, -0.02405511, 1.333866, -0.5036671, 0.2446921, 1.353105, -0.5221924, 0.3940995, 1.357154, -0.6468872, 0.1152115, 1.293097, -0.7235888, -0.1211054, 1.240428, -0.5294252, 0.08952727, 1.281126, -0.5366083, 0.1332861, 1.263783, -0.3520114, 0.1170253, 1.361849, -0.2099194, -0.1073463, 1.344899, -0.03958502, -0.2222285, 1.27811, 0.03034616, -0.2634117, 1.252462, -0.535198, -0.3002772, 1.247491, -0.6091939, -0.3375008, 0.8546085, -0.6945164, -0.3809844, 0.4756308, -0.6518816, -0.3465567, 0.3417144, -0.4058523, -0.2981647, 1.281504, -0.2827779, -0.5716195, 1.145967, -0.3869103, -0.5939468, 1.549536, -0.2529669, -0.6247919, 1.537058, -0.5027434, 0.1793927, 1.350607, -0.4840453, 0.1803209, 1.276924, -0.4639387, 0.09509407, 1.227278, 0.08828008, -0.3010197, 1.233221, 0.02321322, -0.3009249, 1.302,
0.8865056, -0.466545, -0.3024194, 1.30119, -0.4766217, -0.01952625, 1.33818, -0.4805568, 0.2486083, 1.360376, -0.4987977, 0.3981415, 1.366011, -0.6268893, 0.1206696, 1.298568, -0.6986954, -0.1186935, 1.2406, -0.5046377, 0.09195739, 1.281164, -0.5144358, 0.1293608, 1.264459, -0.3294789, 0.1211464, 1.370089, -0.1991936, -0.1088784, 1.3475, -0.03578268, -0.2309611, 1.276104, 0.03083949, -0.2717046, 1.245884, -0.5185063, -0.294397, 1.249901, -0.5957463, -0.3268522, 0.8573261, -0.6842504, -0.3654375, 0.4784297, -0.6411065, -0.3302809, 0.3443817, -0.3890457, -0.2938968, 1.281688, -0.2813203, -0.5726833, 1.146169, -0.3884697, -0.5948679, 1.54897, -0.2541694, -0.6244023, 1.53732, -0.4804417, 0.1834873, 1.357155, -0.4683311, 0.1732694, 1.279639, -0.4406145, 0.08972854, 1.228098, 0.08654415, -0.3120306, 1.223888, 0.05646385, -0.3160557, 1.266333,
0.9177389, -0.4492793, -0.2984028, 1.302725, -0.4593658, -0.0164256, 1.341944, -0.4640952, 0.2507521, 1.365836, -0.4758571, 0.4011499, 1.372364, -0.6073531, 0.1243182, 1.301874, -0.6783588, -0.1167839, 1.23893, -0.4843823, 0.09388721, 1.279391, -0.4951464, 0.128937, 1.266483, -0.311346, 0.1232565, 1.375446, -0.1898371, -0.1097794, 1.350091, -0.03365925, -0.2386957, 1.274431, 0.03354008, -0.2797003, 1.24045, -0.5012285, -0.2889223, 1.251764, -0.5831224, -0.3220691, 0.8029852, -0.6498734, -0.3499483, 0.477225, -0.6057092, -0.3137551, 0.3428808, -0.3726429, -0.2914629, 1.282556, -0.2797918, -0.574769, 1.147038, -0.3889716, -0.5967013, 1.549331, -0.2535204, -0.623283, 1.53677, -0.4637213, 0.1858634, 1.362239, -0.4763373, 0.1641468, 1.282169, -0.4207901, 0.09185857, 1.233738, 0.09106563, -0.3232622, 1.213175, 0.07013554, -0.32987, 1.24828,
0.9554528, -0.4358513, -0.2965256, 1.302872, -0.4438003, -0.01486553, 1.343555, -0.4465076, 0.2519096, 1.368867, -0.4540561, 0.4022754, 1.377587, -0.5910621, 0.1257178, 1.302586, -0.6590638, -0.1156525, 1.23603, -0.6857939, -0.2739132, 1.090179, -0.7184425, -0.2936708, 1.056017, -0.2952316, 0.1250485, 1.379727, -0.1785804, -0.1098301, 1.350768, -0.02956936, -0.2446453, 1.270822, 0.03774547, -0.2847307, 1.231611, -0.4877942, -0.28646, 1.252325, -0.570327, -0.3184937, 0.8037799, -0.6375407, -0.3455632, 0.4779426, -0.5925583, -0.3089622, 0.3435531, -0.3599344, -0.2902603, 1.282049, -0.2736549, -0.5753958, 1.14758, -0.3839979, -0.5968532, 1.54962, -0.2459318, -0.6180655, 1.528231, -0.4466139, 0.1871284, 1.364921, -0.7286478, -0.3202251, 1.023763, -0.7200837, -0.2948372, 1.057846, 0.0870582, -0.3367067, 1.217368, 0.07121343, -0.3343365, 1.242095,
0.9836243, -0.4219312, -0.2951299, 1.304013, -0.428493, -0.01316218, 1.346519, -0.4301673, 0.2539056, 1.373564, -0.4348786, 0.4036273, 1.381344, -0.574201, 0.1282512, 1.3036, -0.640705, -0.1104789, 1.232638, -0.6673619, -0.2716901, 1.08998, -0.6994496, -0.288413, 1.043139, -0.2787802, 0.1255001, 1.383897, -0.1691119, -0.1098298, 1.350691, -0.02480545, -0.2461947, 1.264152, 0.04144455, -0.2857879, 1.224442, -0.4737274, -0.2848192, 1.254304, -0.5567192, -0.3098302, 0.8055291, -0.6243021, -0.3316563, 0.4792632, -0.5787192, -0.2946719, 0.343011, -0.3468424, -0.2891716, 1.282136, -0.2722681, -0.5768858, 1.14785, -0.382997, -0.5981033, 1.549835, -0.2416833, -0.6060777, 1.509852, -0.4304845, 0.1890515, 1.369195, -0.718298, -0.3162994, 1.017675, -0.7343387, -0.299061, 1.0475, 0.09069891, -0.337244, 1.207251, 0.06180736, -0.3364637, 1.2428,
1.0244678, -0.4064748, -0.2946436, 1.30493, -0.4131102, -0.01223093, 1.348371, -0.4151884, 0.2552063, 1.376081, -0.4188863, 0.4042205, 1.38397, -0.5597152, 0.1308904, 1.304107, -0.6241273, -0.1041667, 1.229157, -0.6489075, -0.2628888, 1.082924, -0.6700678, -0.2688097, 1.045765, -0.2663778, 0.1266394, 1.385962, -0.1600041, -0.1080579, 1.348986, -0.02044031, -0.2469561, 1.258383, 0.05470915, -0.293064, 1.20891, -0.4586731, -0.2845538, 1.255372, -0.5398472, -0.3033334, 0.8060293, -0.6060928, -0.3205301, 0.4791051, -0.5594664, -0.2829911, 0.3444923, -0.3318414, -0.2884762, 1.282621, -0.2648704, -0.5777516, 1.149032, -0.3759957, -0.5987732, 1.550951, -0.2358372, -0.6057537, 1.498388, -0.4153689, 0.1902674, 1.371569, -0.6931481, -0.3108734, 0.9766541, -0.7077445, -0.3126721, 1.0185, 0.1063968, -0.3401842, 1.184606, 0.07077991, -0.3478966, 1.223586,
1.0500666, -0.3920459, -0.2946296, 1.303888, -0.3995318, -0.01205801, 1.348269, -0.4025026, 0.2554548, 1.376727, -0.4031518, 0.4035966, 1.385867, -0.5450773, 0.1326256, 1.302343, -0.6106985, -0.09736726, 1.224653, -0.6253011, -0.2538472, 1.074001, -0.6562228, -0.2777464, 1.006891, -0.2525807, 0.1268563, 1.387111, -0.1453237, -0.1080476, 1.343991, -0.01097518, -0.2485608, 1.247709, 0.06110288, -0.2929409, 1.198011, -0.4447241, -0.2840757, 1.254396, -0.5450219, -0.4470848, 0.9751357, -0.6091004, -0.8720669, 0.9867824, -0.5769997, -0.907704, 0.8609582, -0.3176354, -0.2888826, 1.281288, -0.2555117, -0.5799886, 1.151064, -0.3668863, -0.6008979, 1.552958, -0.2272999, -0.6082814, 1.498332, -0.4024487, 0.1905038, 1.372042, -0.6832842, -0.3254699, 0.9575722, -0.6900888, -0.3114939, 0.978875, 0.1108356, -0.3391544, 1.1689, 0.07717211, -0.3423352, 1.213053,
1.0875019, -0.3792699, -0.2957125, 1.302496, -0.3869579, -0.01299554, 1.347579, -0.3902714, 0.2546046, 1.376642, -0.387832, 0.4028791, 1.386362, -0.5326595, 0.1331971, 1.299718, -0.5979837, -0.09408391, 1.216797, -0.6192688, -0.2448742, 1.060978, -0.6379498, -0.2736184, 0.9879193, -0.2527026, 0.1268435, 1.387033, -0.1450991, -0.110369, 1.339277, -0.006122091, -0.2438025, 1.23901, 0.06980962, -0.2891645, 1.179213, -0.4319183, -0.2854394, 1.252739, -0.537142, -0.4455977, 0.9733437, -0.6018568, -0.8704973, 0.9844779, -0.5041233, -0.8928085, 1.053514, -0.3055323, -0.2895843, 1.279984, -0.2444882, -0.5818655, 1.152795, -0.3560645, -0.602699, 1.554628, -0.217343, -0.6128078, 1.498936, -0.3901116, 0.1896372, 1.371815, -0.6439572, -0.3202051, 0.9180643, -0.6692938, -0.3103456, 0.9558001, 0.125437, -0.3341395, 1.144566, 0.08340211, -0.3351981, 1.196278,
1.116592, -0.3667172, -0.2971834, 1.300821, -0.3753005, -0.01403279, 1.345884, -0.3795791, 0.2539228, 1.374857, -0.3762248, 0.4024421, 1.386207, -0.5193052, 0.1336496, 1.29587, -0.5852595, -0.09030481, 1.207029, -0.6049603, -0.2358301, 1.045732, -0.615548, -0.2639342, 0.9804586, -0.225723, 0.123801, 1.38587, -0.1398494, -0.1130753, 1.332418, 0.001693808, -0.2414427, 1.22895, 0.07797217, -0.2893485, 1.165482, -0.4198707, -0.2854995, 1.251187, -0.5099707, -0.4444057, 0.9642649, -0.5740765, -0.8696042, 0.9733037, -0.5404307, -0.9046783, 0.8476327, -0.292981, -0.2923824, 1.278009, -0.2400025, -0.5854264, 1.149524, -0.3516479, -0.6061721, 1.551413, -0.2129295, -0.6153988, 1.495403, -0.3791664, 0.1888759, 1.370058, -0.6286765, -0.307709, 0.9175079, -0.6529952, -0.31271, 0.9496, 0.1320448, -0.3318139, 1.128033, 0.09469578, -0.336627, 1.178854,
1.1554002, -0.3543094, -0.2974375, 1.29816, -0.3630163, -0.01467089, 1.343139, -0.3675196, 0.2528646, 1.371961, -0.363068, 0.4012179, 1.383777, -0.5078241, 0.1339356, 1.291304, -0.5737282, -0.08701599, 1.196299, -0.5907452, -0.2294123, 1.031663, -0.5962834, -0.2585642, 0.9642515, -0.2172335, 0.123068, 1.383695, -0.1305264, -0.1157215, 1.321367, 0.01162203, -0.2426201, 1.216914, 0.08505703, -0.2880715, 1.149602, -0.4078824, -0.2859912, 1.247897, -0.4865178, -0.4471951, 0.9580851, -0.5498194, -0.8725124, 0.9667493, -0.5152137, -0.9074334, 0.8413851, -0.280871, -0.2922885, 1.275836, -0.2332257, -0.586556, 1.14924, -0.3450001, -0.6072603, 1.551126, -0.2068935, -0.6172736, 1.493224, -0.3670341, 0.1879273, 1.367205, -0.6124917, -0.2992068, 0.9032186, -0.627247, -0.2916649, 0.9301429, 0.1372327, -0.330942, 1.111968, 0.1030163, -0.3305145, 1.163788,
1.1833479, -0.3429615, -0.299297, 1.294981, -0.351467, -0.01642568, 1.339938, -0.3558791, 0.251177, 1.368655, -0.3522378, 0.3998082, 1.381652, -0.4971305, 0.1329299, 1.286255, -0.5627711, -0.08323652, 1.189611, -0.5753096, -0.2203427, 1.01983, -0.5808242, -0.2578945, 0.9462076, -0.2051045, 0.1194072, 1.378069, -0.1188653, -0.1186624, 1.312003, 0.02164088, -0.2435423, 1.202767, 0.09394877, -0.2855192, 1.130918, -0.3972367, -0.2878128, 1.244602, -0.4692655, -0.4475304, 0.9515796, -0.5323383, -0.8729708, 0.9591016, -0.4980166, -0.9073249, 0.8335311, -0.269408, -0.2939935, 1.27267, -0.2164328, -0.5882387, 1.148959, -0.3284973, -0.6088866, 1.550843, -0.191187, -0.618769, 1.490492, -0.3553989, 0.1862288, 1.363933, -0.5940834, -0.2946713, 0.8860189, -0.6127495, -0.2609719, 0.927, 0.1465226, -0.3268517, 1.089048, 0.1100755, -0.3295702, 1.155333,
1.2215019, -0.3322442, -0.300804, 1.288682, -0.3405256, -0.01827278, 1.333777, -0.3447803, 0.2489188, 1.362536, -0.33926, 0.3975457, 1.376095, -0.484022, 0.1303058, 1.277196, -0.5492869, -0.07986564, 1.175984, -0.5611707, -0.2186249, 1.007548, -0.5634806, -0.2585152, 0.9256401, -0.198511, 0.1169957, 1.374074, -0.1068824, -0.1195779, 1.298046, 0.03179984, -0.2434617, 1.185267, 0.1011872, -0.2857853, 1.114574, -0.3869342, -0.2895535, 1.237889, -0.4463889, -0.4502871, 0.9418516, -0.50861, -0.8758553, 0.9486033, -0.472104, -0.9101014, 0.8237515, -0.2587621, -0.2950774, 1.266681, -0.2006166, -0.5889211, 1.144682, -0.3129345, -0.6094999, 1.546569, -0.1757678, -0.6170992, 1.485174, -0.3443263, 0.184082, 1.357812, -0.5760785, -0.2997168, 0.8701842, -0.5976287, -0.2592486, 0.9004545, 0.1537572, -0.3261703, 1.070006, 0.1206273, -0.3317312, 1.131867,
1.2495008, -0.3215605, -0.3032728, 1.281615, -0.3312846, -0.02049401, 1.328281, -0.3369047, 0.2468562, 1.358348, -0.3297294, 0.3949395, 1.371885, -0.4759601, 0.1275021, 1.270905, -0.5369568, -0.08171744, 1.162847, -0.5451273, -0.2169338, 0.9910675, -0.5468206, -0.2554799, 0.9142617, -0.1822439, 0.1090419, 1.361093, -0.0982673, -0.1212985, 1.288346, 0.03962537, -0.2398719, 1.16854, 0.1103596, -0.2857197, 1.096597, -0.3772588, -0.2917042, 1.230344, -0.4346084, -0.4528809, 0.9339437, -0.4967442, -0.8784553, 0.9405008, -0.4631965, -0.9121666, 0.8149453, -0.2475197, -0.2976184, 1.260014, -0.1896183, -0.5918149, 1.139715, -0.3021309, -0.612308, 1.541684, -0.1646664, -0.6160134, 1.480086, -0.3361129, 0.181987, 1.353318, -0.55661, -0.2966968, 0.8520106, -0.5797336, -0.2597022, 0.8872858, 0.1604012, -0.3257082, 1.053396, 0.1223311, -0.3269659, 1.13325,
1.2884886, -0.3105089, -0.3057015, 1.273625, -0.3205984, -0.02285882, 1.320675, -0.3267649, 0.2444774, 1.351154, -0.3196871, 0.3927058, 1.365742, -0.4664862, 0.1246004, 1.262766, -0.5255139, -0.0815406, 1.151233, -0.5312366, -0.2162385, 0.9778321, -0.5287569, -0.2555375, 0.9006886, -0.1733668, 0.1050422, 1.352265, -0.09088538, -0.1193385, 1.276295, 0.04594321, -0.2394596, 1.156824, 0.1137267, -0.2844868, 1.084973, -0.3674048, -0.2938838, 1.222231, -0.4213852, -0.4493651, 0.921472, -0.4836585, -0.8751627, 0.925648, -0.4502984, -0.908028, 0.7998191, -0.2357711, -0.300026, 1.252096, -0.1662819, -0.649204, 1.126598, -0.2730895, -0.5542905, 1.464799, -0.1557843, -0.6074789, 1.468482, -0.3258145, 0.1796212, 1.346016, -0.5375766, -0.2905118, 0.8417351, -0.5577433, -0.2634322, 0.8710555, 0.1654738, -0.3272806, 1.038644, 0.1368663, -0.3357525, 1.10675,
1.3174908, -0.2976308, -0.308255, 1.263445, -0.3103126, -0.02494233, 1.313197, -0.3187646, 0.2426737, 1.34589, -0.3109226, 0.3905423, 1.359873, -0.4566921, 0.1208686, 1.253436, -0.5122246, -0.0849648, 1.14037, -0.4682117, -0.2543326, 0.9768767, -0.5071272, -0.2554148, 0.8882983, -0.1646501, 0.1025038, 1.344934, -0.07850731, -0.1224779, 1.259427, 0.05738695, -0.2427159, 1.138968, 0.1259832, -0.2867466, 1.062106, -0.3548303, -0.2958056, 1.211786, -0.4112119, -0.4450456, 0.9078265, -0.4421332, -0.7926946, 1.036826, -0.4116711, -0.8785574, 0.9657514, -0.2232171, -0.3028925, 1.242106, -0.1489318, -0.653445, 1.12829, -0.2584926, -0.555501, 1.465044, -0.1406035, -0.6086476, 1.465895, -0.3172671, 0.1777618, 1.340238, -0.515781, -0.2960308, 0.8275385, -0.5463475, -0.2435582, 0.8878, 0.174606, -0.3288567, 1.016789, 0.1375125, -0.3278612, 1.102437,
1.3553293, -0.2851828, -0.3097209, 1.252671, -0.2995732, -0.02689257, 1.30401, -0.309874, 0.2402306, 1.338389, -0.3029657, 0.3885124, 1.354548, -0.4498689, 0.1192475, 1.246229, -0.4972743, -0.08806524, 1.129227, -0.4660356, -0.2534249, 0.9735285, -0.4923525, -0.2562976, 0.8727912, -0.1559713, 0.09941211, 1.335367, -0.07090396, -0.1236628, 1.249057, 0.06939059, -0.239123, 1.106256, 0.1319969, -0.2860892, 1.044991, -0.3430664, -0.2969118, 1.199266, -0.4096338, -0.4450763, 0.8970523, -0.4361999, -0.7920966, 1.027895, -0.4054451, -0.8786414, 0.9592286, -0.2106179, -0.3044552, 1.232836, -0.118601, -0.6509821, 1.117822, -0.233917, -0.552439, 1.452798, -0.1179862, -0.6058466, 1.457152, -0.3079021, 0.17544, 1.332307, -0.500037, -0.2950817, 0.8091813, -0.5221571, -0.2385736, 0.8724001, 0.1801341, -0.3265079, 0.9976987, 0.1419408, -0.3228185, 1.083929,
1.384252, -0.2731273, -0.3116697, 1.238713, -0.2891945, -0.02935529, 1.293796, -0.3010777, 0.2371766, 1.331314, -0.2957295, 0.3863846, 1.348913, -0.4404898, 0.1171291, 1.235841, -0.4871914, -0.08943329, 1.116212, -0.4583717, -0.2539639, 0.9593476, -0.4763933, -0.2561065, 0.8598708, -0.1466248, 0.09514675, 1.324641, -0.06418195, -0.1225342, 1.235448, 0.06919082, -0.2374748, 1.103561, 0.1353213, -0.2843216, 1.029204, -0.3312899, -0.2983427, 1.184229, -0.4026456, -0.4516361, 0.886097, -0.4667743, -0.8769784, 0.889364, -0.4346481, -0.9103432, 0.7644834, -0.1989032, -0.3065687, 1.220016, -0.1225141, -0.6542327, 1.09486, -0.2325434, -0.5542821, 1.431421, -0.1163908, -0.6052063, 1.438921, -0.2987153, 0.1725362, 1.324497, -0.482499, -0.2949817, 0.7981232, -0.5084249, -0.241743, 0.8600909, 0.1830684, -0.3240128, 0.9805305, 0.1481253, -0.3229476, 1.072273,
1.4233922, -0.2656171, -0.3109249, 1.225485, -0.2813292, -0.029144, 1.283365, -0.29323, 0.2366224, 1.323664, -0.2884131, 0.3851729, 1.342699, -0.433355, 0.1163159, 1.228068, -0.4757142, -0.08981681, 1.104641, -0.4484844, -0.2495517, 0.9541525, -0.4599877, -0.258614, 0.8419436, -0.1388101, 0.09235758, 1.314587, -0.05845299, -0.1229825, 1.221037, 0.07483209, -0.2369107, 1.091128, 0.1378883, -0.2815899, 1.015528, -0.3245205, -0.2969806, 1.170966, -0.4155288, -0.479679, 0.8283791, -0.4220192, -0.7963623, 1.009989, -0.3925243, -0.8894406, 0.9930369, -0.1908961, -0.3063006, 1.206812, -0.1058814, -0.6503167, 1.07348, -0.02459576, -1.004074, 0.9668831, 0.01805072, -0.9947307, 0.8330998, -0.2908256, 0.1721883, 1.316155, -0.4672512, -0.2957317, 0.7830023, -0.4962113, -0.2525453, 0.841125, 0.1828644, -0.3164364, 0.9652778, 0.1497961, -0.3180635, 1.057333,
1.4513304, -0.259195, -0.3097857, 1.210403, -0.2746555, -0.02863643, 1.272412, -0.2865521, 0.2363157, 1.31632, -0.2810654, 0.3839813, 1.336167, -0.431085, 0.1158921, 1.225368, -0.4648193, -0.09028551, 1.089927, -0.4351124, -0.2475312, 0.9407018, -0.4442431, -0.2576966, 0.8305524, -0.1301829, 0.09026866, 1.302306, -0.04414469, -0.12219, 1.211257, 0.08037234, -0.2373207, 1.073518, 0.143145, -0.281423, 0.9987541, -0.3192663, -0.2952736, 1.155174, -0.4093237, -0.4886239, 0.818657, -0.415567, -0.8031747, 1.00334, -0.3903976, -0.8957939, 0.9929237, -0.1834955, -0.3055523, 1.19237, -0.07540617, -0.6365694, 1.034202, 0.02938961, -0.9769511, 0.9015669, 0.0689366, -0.9601794, 0.7668532, -0.2841236, 0.172094, 1.307953, -0.4508595, -0.2934462, 0.7735736, -0.4762147, -0.2543729, 0.8155385, 0.19043, -0.3208338, 0.9440713, 0.1535725, -0.3168556, 1.044,
1.4873028, -0.2515974, -0.3092813, 1.197972, -0.2673036, -0.02874747, 1.262532, -0.2795479, 0.2353779, 1.309193, -0.2744638, 0.382744, 1.329999, -0.4169917, 0.11295, 1.208959, -0.4195106, -0.1492074, 1.067112, -0.4221992, -0.2747805, 0.8022788, -0.4340592, -0.2880845, 0.7721373, -0.1227421, 0.08898506, 1.293162, -0.03743103, -0.1226196, 1.202516, 0.0846429, -0.23707, 1.061887, 0.1455055, -0.2789851, 0.9850599, -0.3122726, -0.2948818, 1.142475, -0.417237, -0.4860964, 0.8094261, -0.4149357, -0.8007364, 0.9947617, -0.3839306, -0.8923965, 0.9848012, -0.1756131, -0.3047752, 1.180244, -0.03918759, -0.6185069, 1.002001, 0.09444452, -0.9412821, 0.8481615, 0.1365067, -0.9178206, 0.7151463, -0.2770139, 0.171375, 1.300121, -0.4322453, -0.2938074, 0.7530465, -0.4494181, -0.2931161, 0.759, 0.1900965, -0.3161421, 0.9321458, 0.1586455, -0.3195876, 1.0338,
1.5174889, -0.2436129, -0.3093713, 1.184636, -0.2591812, -0.02984179, 1.252291, -0.2712185, 0.2331044, 1.301796, -0.2678481, 0.3810428, 1.324017, -0.4102592, 0.1111747, 1.201706, -0.437571, -0.09481966, 1.061879, -0.4085618, -0.2377877, 0.8980641, -0.4128302, -0.2516434, 0.804142, -0.1147985, 0.08611698, 1.282579, -0.02758679, -0.1252784, 1.188746, 0.09142543, -0.2354071, 1.041827, 0.1527905, -0.2803026, 0.9678204, -0.304553, -0.2948815, 1.127064, -0.4216781, -0.4956461, 0.8050895, -0.4115705, -0.809441, 0.9918642, -0.3785788, -0.9001671, 0.9841201, -0.1677195, -0.3047365, 1.168784, -0.007802545, -0.6019765, 0.9773811, 0.1497436, -0.9080163, 0.8095537, 0.1906429, -0.8797977, 0.6769819, -0.26874, 0.1694119, 1.292024, -0.4190623, -0.2854206, 0.748693, -0.4524906, -0.2561371, 0.7888333, 0.1980014, -0.3163946, 0.9108627, 0.1664993, -0.3225221, 1.017,
1.5522703, -0.2346602, -0.3107363, 1.169974, -0.2507254, -0.03146668, 1.242067, -0.2633195, 0.2309534, 1.295475, -0.2608339, 0.3789488, 1.318548, -0.4018117, 0.1070236, 1.192053, -0.4338247, -0.09468616, 1.057637, -0.4002318, -0.2406883, 0.897463, -0.399441, -0.2507797, 0.7924005, -0.1072348, 0.08298771, 1.272715, -0.02364795, -0.1280079, 1.169328, 0.09967432, -0.2393726, 1.027167, 0.1601089, -0.2814143, 0.9500195, -0.2966461, -0.2960345, 1.112499, -0.4298754, -0.4961519, 0.7972565, -0.409616, -0.8100411, 0.9839147, -0.3725244, -0.8996861, 0.9768513, -0.1580979, -0.3059836, 1.154193, 0.01716186, -0.5903553, 0.9538856, 0.1903709, -0.8833495, 0.7766033, 0.2307794, -0.8513494, 0.6448315, -0.2606962, 0.1674077, 1.284774, -0.4009921, -0.2827246, 0.7341228, -0.398115, -0.3106763, 0.7789091, 0.2034837, -0.3163392, 0.8943404, 0.1752346, -0.3251654, 0.992,
1.5851824, -0.2287133, -0.3119218, 1.156691, -0.2427368, -0.0335936, 1.231092, -0.2533171, 0.227534, 1.287011, -0.2531332, 0.3762766, 1.312436, -0.3971381, 0.1045728, 1.187208, -0.4237989, -0.09701545, 1.046672, -0.3841223, -0.241215, 0.8860979, -0.3855177, -0.2477322, 0.7795445, -0.0986005, 0.07850651, 1.260955, -0.01886974, -0.1329512, 1.154693, 0.1072535, -0.2397468, 1.011383, 0.1664981, -0.2811747, 0.9323273, -0.291628, -0.2962766, 1.098436, -0.4137849, -0.5084968, 0.7868325, -0.3990265, -0.8202012, 0.9765111, -0.3677627, -0.9093746, 0.9756895, -0.1514119, -0.3078061, 1.141613, 0.04454675, -0.5725012, 0.930101, 0.2388186, -0.8456035, 0.7408116, 0.2764702, -0.8097682, 0.6091359, -0.2511913, 0.1643458, 1.275648, -0.3882407, -0.28415, 0.7169373, -0.3857198, -0.3287556, 0.8132499, 0.2094846, -0.3150651, 0.8734804, 0.1850764, -0.326198, 0.9737499,
1.6189539, -0.2178915, -0.313797, 1.144471, -0.233059, -0.03567963, 1.221808, -0.2449041, 0.225085, 1.280696, -0.2448635, 0.3735477, 1.305827, -0.3841678, 0.09815245, 1.175287, -0.4149623, -0.09755199, 1.034069, -0.3740302, -0.2448037, 0.876653, -0.3723074, -0.2435249, 0.7693231, -0.09085383, 0.07597629, 1.251255, -0.00315579, -0.136498, 1.145056, 0.1147064, -0.2414689, 0.993234, 0.169885, -0.2789701, 0.9178177, -0.2816744, -0.2978648, 1.085811, -0.4284192, -0.5029037, 0.7810003, -0.3991254, -0.816834, 0.9669816, -0.3600781, -0.9052871, 0.961692, -0.1402842, -0.3096362, 1.129849, 0.06454993, -0.5601672, 0.9070361, 0.2680395, -0.8189467, 0.7057769, 0.3051267, -0.7797855, 0.5751054, -0.2424346, 0.1619892, 1.268586, -0.3629644, -0.283298, 0.6796361, -0.419431, -0.2843901, 0.776, 0.2105061, -0.3136792, 0.8639365, 0.1901672, -0.3217395, 0.9498572,
1.6518663, -0.2128089, -0.3148947, 1.131601, -0.2261087, -0.03734499, 1.212668, -0.2360447, 0.2225245, 1.274556, -0.2364748, 0.3709069, 1.300756, -0.3747297, 0.0947561, 1.168218, -0.4049143, -0.10096, 1.022037, -0.3628404, -0.2478715, 0.864533, -0.3608077, -0.2419187, 0.7604192, -0.0810716, 0.07260465, 1.240811, 0.008848616, -0.1409715, 1.134137, 0.122876, -0.2458152, 0.9792182, 0.1743637, -0.2787023, 0.9048126, -0.2778528, -0.2981453, 1.07404, -0.4273598, -0.5046737, 0.7718246, -0.5835117, -0.7186584, 0.4890693, -0.5537851, -0.6760216, 0.3561107, -0.1339928, -0.3113363, 1.115845, 0.08689936, -0.5463291, 0.8898921, 0.3066612, -0.7894025, 0.6851142, 0.3423217, -0.7476986, 0.5550243, -0.2340787, 0.1596875, 1.261731, -0.3539062, -0.2904028, 0.6887049, -0.3493649, -0.3375784, 0.784, 0.2129452, -0.3107477, 0.8486357, 0.1954734, -0.3241437, 0.941125,
1.6860728, -0.2056535, -0.3268145, 1.14058, -0.2184963, -0.04292345, 1.212766, -0.2232973, 0.2196988, 1.266476, -0.226666, 0.3684233, 1.295295, -0.3631882, 0.09123002, 1.16022, -0.3933921, -0.1053965, 1.009338, -0.3519596, -0.2089617, 0.8194603, -0.3471062, -0.2369979, 0.7470272, -0.06856028, 0.06824279, 1.227726, 0.02152614, -0.1446967, 1.120938, 0.1322006, -0.2484677, 0.962768, 0.1815719, -0.2797813, 0.8881161, -0.2719075, -0.3108802, 1.083594, -0.1326952, -0.2018785, 0.6626602, -0.09469484, -0.5896715, 0.4870791, -0.02814338, -0.4418304, 0.4718531, -0.1262616, -0.3219169, 1.124426, 0.09679266, -0.5148957, 0.8574411, 0.3196749, -0.715893, 0.6090994, 0.3494284, -0.6715445, 0.4781989, -0.2230736, 0.1561188, 1.256221, -0.3485609, -0.2647203, 0.6862249, -0.3956681, -0.2536589, 0.7343, 0.2224609, -0.3151983, 0.8303463, 0.2005891, -0.3227756, 0.9254445,
1.7210863, -0.1881891, -0.3114517, 1.095796, -0.202947, -0.04060367, 1.191688, -0.2133377, 0.2168337, 1.2599, -0.2166448, 0.3649406, 1.288759, -0.3581337, 0.0923963, 1.157909, -0.3827005, -0.1061741, 1.004522, -0.3479642, -0.209738, 0.813357, -0.3353197, -0.2341979, 0.7371889, -0.06078593, 0.06788347, 1.217528, 0.03484862, -0.1506519, 1.106033, 0.1451543, -0.2420908, 0.9393072, 0.175376, -0.2679158, 0.8885691, -0.2505442, -0.297303, 1.044953, -0.1479257, -0.1624357, 0.6211224, -0.2382884, -0.4979376, 0.4495233, -0.2138017, -0.4668726, 0.309552, -0.1142307, -0.3053603, 1.075033, 0.12992, -0.4145382, 0.8613658, 0.133855, -0.5939211, 0.4465637, 0.02005783, -0.5006068, 0.3738726, -0.2113985, 0.1541863, 1.246324, -0.3328842, -0.2604168, 0.675388, -0.3881709, -0.247962, 0.7344941, 0.2155813, -0.2955201, 0.8141537, 0.2100257, -0.3109808, 0.8843529,
1.7495333, -0.1811911, -0.3153007, 1.093148, -0.1915471, -0.04352921, 1.183697, -0.1998512, 0.2132614, 1.251729, -0.2034111, 0.3611451, 1.282025, -0.3357344, 0.08390681, 1.144699, -0.3670432, -0.1122542, 0.9865617, -0.3377173, -0.2137392, 0.7933806, -0.3235811, -0.231558, 0.724111, -0.04638353, 0.06642244, 1.206991, 0.04761017, -0.1501307, 1.093536, 0.1528972, -0.2486532, 0.9283221, 0.2012902, -0.2821296, 0.8558114, -0.2465541, -0.2997326, 1.041106, -0.09400097, -0.1933739, 0.6238837, -0.1967632, -0.585691, 0.422507, -0.1238401, -0.5247842, 0.5159532, -0.1024076, -0.310902, 1.073062, 0.144138, -0.5176496, 0.8438077, 0.3899469, -0.7319555, 0.6353875, 0.4210975, -0.6852632, 0.5065853, -0.1980084, 0.1509682, 1.237501, -0.3218638, -0.2553627, 0.6626807, -0.3706214, -0.2447228, 0.7104167, 0.2446918, -0.3201049, 0.7965418, 0.2248062, -0.3295502, 0.9007143,
1.7894542, -0.1650162, -0.3218274, 1.082376, -0.1759613, -0.04800583, 1.172139, -0.1852067, 0.2087754, 1.242218, -0.1884542, 0.356799, 1.273715, -0.3236019, 0.0760258, 1.133706, -0.3544015, -0.1138095, 0.9721587, -0.3196677, -0.2071826, 0.7756811, -0.3109302, -0.2286002, 0.708465, -0.02838472, 0.05921405, 1.190944, 0.06162424, -0.1520122, 1.081188, 0.1633304, -0.252531, 0.9149153, 0.2089571, -0.2787289, 0.8435918, -0.2331696, -0.305566, 1.028964, -0.08638486, -0.1909959, 0.6118636, -0.1893558, -0.5835091, 0.4101318, -0.1180304, -0.5229994, 0.5048339, -0.08533639, -0.3166985, 1.06307, 0.1534846, -0.527808, 0.829942, 0.3917279, -0.7465696, 0.6177738, 0.420426, -0.6998068, 0.4885413, -0.1832383, 0.146666, 1.227391, -0.3108066, -0.2514535, 0.6481516, -0.3494677, -0.2333458, 0.6906897, 0.2473964, -0.3119569, 0.7856138, 0.2351572, -0.3204637, 0.8597693,
1.816522, -0.1447255, -0.3268684, 1.06985, -0.1589123, -0.05240796, 1.161608, -0.1703958, 0.2038594, 1.233882, -0.1730804, 0.3513401, 1.265739, -0.310061, 0.07142068, 1.126388, -0.3455278, -0.1048188, 0.9584576, -0.3110648, -0.207876, 0.7668344, -0.2991576, -0.2245804, 0.6937492, -0.01513567, 0.05335381, 1.178406, 0.08888633, -0.1578646, 1.056825, 0.1824877, -0.2609027, 0.887275, 0.2222494, -0.2771812, 0.8246292, -0.2144842, -0.3104227, 1.016831, -0.07538334, -0.1865958, 0.5997517, -0.1786923, -0.5794396, 0.397641, -0.1085776, -0.5190536, 0.4931754, -0.06501883, -0.3210289, 1.049756, 0.1711733, -0.5283288, 0.8100139, 0.4070588, -0.7432485, 0.5911091, 0.4333723, -0.6950466, 0.462176, -0.1678917, 0.1419407, 1.218464, -0.300316, -0.2477593, 0.6313921, -0.352519, -0.2428163, 0.684, 0.2584497, -0.307234, 0.7683005, 0.2543795, -0.3264621, 0.8610001,
1.8527297, -0.1291306, -0.3306931, 1.057135, -0.1420473, -0.05723021, 1.150818, -0.1522763, 0.1974342, 1.225225, -0.1566769, 0.3453556, 1.25846, -0.2864921, 0.06158273, 1.115143, -0.3297083, -0.101608, 0.9457457, -0.2980243, -0.2051341, 0.7538351, -0.2843611, -0.2212705, 0.6769612, 0.001033275, 0.04808195, 1.165002, 0.1019811, -0.157911, 1.046559, 0.1958725, -0.2536347, 0.8727561, 0.2339009, -0.2709805, 0.8073323, -0.1994607, -0.3141212, 1.005084, -0.0663262, -0.1825043, 0.5884399, -0.1699294, -0.5756543, 0.3859693, -0.1006842, -0.5153159, 0.4821624, -0.04986714, -0.3243863, 1.035918, 0.1922614, -0.5230361, 0.7944281, 0.4342614, -0.7292438, 0.5737543, 0.4591199, -0.6796892, 0.4454822, -0.1500868, 0.1359719, 1.209251, -0.2850661, -0.2438737, 0.6153817, -0.3198145, -0.2193618, 0.6617, 0.267239, -0.2969027, 0.7418751, 0.2694531, -0.3170812, 0.8419999,
1.8856413, -0.108693, -0.3347128, 1.039102, -0.1214811, -0.06243546, 1.13672, -0.1317416, 0.1907318, 1.214647, -0.1381553, 0.3394415, 1.250287, -0.2696749, 0.05536367, 1.106023, -0.2980379, -0.1100712, 0.9361636, -0.2391842, -0.2430908, 0.7152844, -0.2656755, -0.2153289, 0.6588634, 0.02815993, 0.03855307, 1.144448, 0.1242408, -0.1619562, 1.027145, 0.2137721, -0.2540743, 0.8489973, 0.2523404, -0.2675925, 0.7847192, -0.1795763, -0.3175661, 0.9882085, -0.04983483, -0.1781006, 0.5729594, -0.1539922, -0.5716413, 0.3699787, -0.1441803, -0.543399, 0.2331348, -0.03024377, -0.3282874, 1.016748, 0.2345001, -0.4995014, 0.7773314, 0.4993694, -0.6781315, 0.5586651, 0.5201877, -0.6260439, 0.431083, -0.1295073, 0.1296587, 1.197812, -0.2551671, -0.2475086, 0.5827487, -0.2944181, -0.2075742, 0.6248422, 0.2832762, -0.2922008, 0.7163706, 0.2898937, -0.315513, 0.8157778,
1.922461, -0.09092812, -0.3381338, 1.021806, -0.1023807, -0.06627501, 1.124178, -0.1113249, 0.1860171, 1.206331, -0.117906, 0.3336725, 1.241546, -0.2499422, 0.04956307, 1.096732, -0.2705179, -0.1201079, 0.925909, -0.2555722, -0.1853439, 0.7157933, -0.2527716, -0.2095668, 0.636879, 0.04355275, 0.03595546, 1.133529, 0.1295739, -0.1611632, 1.016933, 0.2362985, -0.2322381, 0.8385507, 0.2751625, -0.2646464, 0.7581752, -0.1616111, -0.3208905, 0.9733375, -0.04190358, -0.1759454, 0.5569834, -0.146347, -0.56968, 0.3534728, -0.1377734, -0.5402659, 0.2171639, -0.01374917, -0.3311895, 0.9968857, 0.26704, -0.4961451, 0.7747542, 0.5479153, -0.6686894, 0.5744626, 0.569517, -0.6161466, 0.4480136, -0.1094161, 0.1251951, 1.188463, -0.2560022, -0.2263128, 0.57221, -0.2884473, -0.2148835, 0.610875, 0.3080457, -0.2914161, 0.6969465, 0.3074804, -0.3079742, 0.7962309,
1.9515199, -0.05309475, -0.3428359, 1.001399, -0.07162401, -0.0702141, 1.10969, -0.08772441, 0.1824733, 1.197223, -0.09720562, 0.3299489, 1.234277, -0.2294908, 0.04434048, 1.087133, -0.2488518, -0.1168447, 0.9090877, -0.24832, -0.1871455, 0.7000114, -0.2356459, -0.2029976, 0.6215386, 0.06695523, 0.03278066, 1.116452, 0.1491342, -0.1579829, 0.9984685, 0.2529987, -0.2317099, 0.819456, 0.2891057, -0.2523178, 0.7411191, -0.1214476, -0.3286507, 0.9539229, -0.02515304, -0.1745178, 0.538371, -0.1302205, -0.5684544, 0.33423, -0.1254262, -0.5372198, 0.1986036, 0.01935798, -0.3322599, 0.9758262, 0.2918062, -0.5064804, 0.7519364, 0.5647323, -0.6883789, 0.5505105, 0.5836776, -0.6349834, 0.4243462, -0.08401384, 0.1215656, 1.178069, -0.2398228, -0.2190474, 0.557065, -0.2658492, -0.2032082, 0.5952941, 0.3183752, -0.2766963, 0.6737528, 0.3196789, -0.289466, 0.7681,
1.9886263, -0.03580874, -0.3421651, 0.9892505, -0.05299249, -0.07031511, 1.09902, -0.06822694, 0.1812263, 1.188493, -0.07439411, 0.3279074, 1.226757, -0.2091044, 0.03970151, 1.076119, -0.230009, -0.1131623, 0.8911582, -0.2174909, -0.1814724, 0.6817406, -0.2147388, -0.1952529, 0.6086403, 0.08852592, 0.035323, 1.103584, 0.1680141, -0.1563726, 0.9861369, 0.2730179, -0.2165091, 0.8026022, 0.3072029, -0.2411822, 0.7217115, -0.1069523, -0.3288662, 0.944883, -0.009496267, -0.1754889, 0.5257069, -0.115165, -0.5694466, 0.3211609, -0.1129659, -0.5372364, 0.1860908, 0.03812423, -0.3301022, 0.9602057, 0.3164116, -0.4964971, 0.7380169, 0.5953679, -0.6705201, 0.5385948, 0.6124398, -0.6164563, 0.4129211, -0.06465446, 0.1206329, 1.168788, -0.2256981, -0.2147852, 0.5417748, -0.240988, -0.1884047, 0.5881112, 0.3353292, -0.2649533, 0.6504773, 0.3460184, -0.2842959, 0.7573,
2.0174897, -0.01046134, -0.3394336, 0.9697422, -0.0284498, -0.06784172, 1.085266, -0.04422807, 0.1829486, 1.179609, -0.05056526, 0.3282563, 1.219606, -0.1869114, 0.03775261, 1.065914, -0.2114649, -0.1117052, 0.866165, -0.1720663, -0.2019908, 0.6106641, -0.2013037, -0.2003792, 0.5602539, 0.1173163, 0.0358857, 1.088225, 0.2378246, -0.1511005, 0.9284428, 0.3081644, -0.2349581, 0.7375686, 0.3229257, -0.228377, 0.7075014, -0.08168488, -0.3264138, 0.9264209, 0.01017583, -0.170302, 0.5068466, -0.09636857, -0.5646801, 0.3016772, -0.09751917, -0.5309533, 0.1673945, 0.06130696, -0.3269183, 0.9401829, 0.3474039, -0.4921558, 0.7307324, 0.6344219, -0.6651852, 0.5451399, 0.6511301, -0.6108165, 0.4201364, -0.04054324, 0.1225708, 1.158731, -0.2005064, -0.2083455, 0.5227991, -0.2228789, -0.2126031, 0.5436, 0.3467126, -0.2501184, 0.6289813, 0.3623118, -0.2697247, 0.7366667,
2.0523894, 0.008127879, -0.3392289, 0.9515846, -0.008949419, -0.06614656, 1.071093, -0.02444702, 0.1853538, 1.169427, -0.0261458, 0.3297781, 1.210045, -0.1650053, 0.03945968, 1.055492, -0.1949567, -0.1062276, 0.8314701, -0.1774788, -0.1762293, 0.6226931, -0.1678553, -0.1849083, 0.5747376, 0.1352893, 0.03563855, 1.073678, 0.2509553, -0.1466302, 0.9167102, 0.3211975, -0.224391, 0.7230531, 0.3387403, -0.2146878, 0.68848, -0.06358093, -0.3252794, 0.9088674, 0.0273699, -0.1725424, 0.487655, -0.07997312, -0.5667589, 0.2819137, -0.01758109, -0.4910917, 0.3793036, 0.07916695, -0.3272189, 0.9213802, 0.3730094, -0.48718, 0.7215368, 0.66798, -0.6551611, 0.5463465, 0.6849746, -0.6003376, 0.4223257, -0.02076333, 0.1248582, 1.147537, -0.1768441, -0.203841, 0.5206891, -0.2029076, -0.2024574, 0.5360001, 0.3565893, -0.2293252, 0.6092508, 0.3773943, -0.2513398, 0.6950001,
2.0855265, 0.0337926, -0.3361892, 0.9343892, 0.01438243, -0.06221839, 1.058675, -0.003354233, 0.189469, 1.161326, -0.003010248, 0.3335488, 1.201486, -0.1414676, 0.04109778, 1.043837, -0.1821788, -0.08425049, 0.8550867, -0.1582692, -0.1840329, 0.5783693, -0.1602216, -0.1926706, 0.5383422, 0.1520921, 0.0402244, 1.061086, 0.2540141, -0.1455239, 0.9091226, 0.3407263, -0.1960873, 0.7130731, 0.3534509, -0.1999182, 0.675946, -0.03915698, -0.3231801, 0.8938466, 0.05459648, -0.1714022, 0.4724311, 0.1372078, -0.05965564, 0.1618698, 0.1238496, 0.007589865, 0.0326956, 0.1040351, -0.3229809, 0.9020727, 0.3935723, -0.490106, 0.7042259, 0.6847194, -0.6653067, 0.5317299, 0.7014207, -0.6103926, 0.4083841, 0.0008971793, 0.1289735, 1.138371, -0.1672751, -0.2071193, 0.5134775, -0.1793526, -0.2143514, 0.524, 0.3706236, -0.2151083, 0.5912373, 0.4071035, -0.2456286, 0.6943333,
2.120315, 0.05207254, -0.3326871, 0.922377, 0.03496966, -0.05714149, 1.047186, 0.01910217, 0.1956777, 1.150872, 0.02039821, 0.3372574, 1.191861, -0.1205, 0.04475062, 1.032744, -0.1354084, -0.09301548, 0.8471683, -0.1168016, -0.1496028, 0.6346061, -0.1232054, -0.1633923, 0.5738832, 0.1738365, 0.04315633, 1.04315, 0.2701346, -0.1417848, 0.8813405, 0.3553752, -0.1989003, 0.6864343, 0.3613206, -0.1820465, 0.6649914, -0.02167563, -0.3200684, 0.883692, 0.07710585, -0.1711947, 0.4618496, 0.1641845, -0.06120709, 0.1484751, 0.1458836, 0.00570881, 0.02236278, 0.1216376, -0.3190594, 0.8882563, 0.3990698, -0.5088439, 0.6981624, 0.6785964, -0.7068125, 0.5344457, 0.6952828, -0.6549273, 0.4099984, 0.02294873, 0.134945, 1.127586, -0.1347645, -0.1805023, 0.5198519, -0.1532899, -0.159218, 0.5408064, 0.3767223, -0.1931296, 0.5843822, 0.3989231, -0.2168214, 0.665,
2.1514146, 0.08485272, -0.3266005, 0.9063898, 0.06108471, -0.05088609, 1.035082, 0.03925225, 0.2013946, 1.142044, 0.04261096, 0.3432052, 1.18204, -0.09792907, 0.04862786, 1.023156, -0.1227106, -0.0751643, 0.8349173, -0.09414678, -0.1452322, 0.6274337, -0.1008463, -0.1555193, 0.5745125, 0.1904686, 0.04482125, 1.028684, 0.2825649, -0.1369111, 0.8641489, 0.3706532, -0.1817415, 0.6672106, 0.3687605, -0.1664381, 0.6591313, 0.009256268, -0.3151876, 0.8692412, 0.1092304, -0.157542, 0.4500644, 0.1971616, -0.0387692, 0.1361281, 0.1743606, 0.02549221, 0.01392096, 0.1535267, -0.3118523, 0.8709776, 0.4043255, -0.5334321, 0.6827574, 0.658295, -0.7631148, 0.5218289, 0.674558, -0.7145196, 0.3964226, 0.0445272, 0.1408425, 1.117974, -0.115529, -0.1696434, 0.5192416, -0.1211089, -0.1316679, 0.5476001, 0.3838759, -0.1743264, 0.5759123, 0.412073, -0.1958765, 0.6531429,
2.1882923, 0.1074947, -0.3205299, 0.8963697, 0.0823797, -0.04481907, 1.024436, 0.05848657, 0.2070822, 1.131199, 0.06391384, 0.3493164, 1.171813, -0.07845432, 0.05318778, 1.015099, -0.1008925, -0.07025538, 0.7853089, -0.05119374, -0.1526574, 0.5683237, -0.06947031, -0.1540092, 0.5397359, 0.2052227, 0.05348922, 1.017647, 0.297999, -0.1274882, 0.8466533, 0.342042, -0.1530857, 0.7216001, 0.3709378, -0.1501363, 0.6552793, 0.02974837, -0.3116376, 0.8618135, 0.1297489, -0.1481843, 0.4442771, 0.2169634, -0.02398152, 0.130354, 0.1911354, 0.0379751, 0.009935081, 0.1767113, -0.3031912, 0.8581307, 0.401267, -0.5538909, 0.6783684, 0.6299581, -0.812543, 0.5267764, 0.6454527, -0.7694715, 0.3995835, 0.06434871, 0.1466631, 1.107122, -0.04875667, -0.1606784, 0.5168673, -0.1000993, -0.1470173, 0.5091, 0.3821167, -0.1589964, 0.5798566, 0.3952878, -0.1374285, 0.6195,
2.2191308, 0.1292638, -0.3131694, 0.8832419, 0.1033363, -0.03806353, 1.012397, 0.07879266, 0.2129545, 1.120073, 0.08426815, 0.3540995, 1.159355, -0.05607245, 0.06089654, 1.006967, -0.07980851, -0.07177612, 0.8246559, -0.04757829, -0.1494517, 0.5646468, -0.06305828, -0.1509505, 0.5351171, 0.2214826, 0.05939632, 1.004357, 0.3065849, -0.1203214, 0.8367352, 0.3904214, -0.1618162, 0.6370861, 0.3835525, -0.1473104, 0.6012215, 0.04983702, -0.3052634, 0.8501564, 0.1522007, -0.1328252, 0.4359161, 0.2397915, -0.00065981, 0.12304, 0.2115871, 0.05858214, 0.005094551, 0.1978232, -0.2954089, 0.8440437, 0.3912852, -0.5764562, 0.6805332, 0.5900057, -0.8654094, 0.5461754, 0.6055307, -0.8301153, 0.4172269, 0.08481283, 0.1527744, 1.095768, -0.04562455, -0.1963436, 0.5301374, -0.07339533, -0.1341037, 0.5072858, 0.3671983, -0.1530802, 0.5508225, 0.3970907, -0.1281488, 0.58425,
2.2541127, 0.1359804, -0.3092607, 0.8725555, 0.1154104, -0.03321227, 1.002915, 0.09798944, 0.2187175, 1.111482, 0.1023886, 0.3596683, 1.149436, -0.03879945, 0.06909536, 1.002046, -0.07749519, -0.06637909, 0.8244335, -0.04258085, -0.09448519, 0.608488, -0.04638907, -0.1199048, 0.5852327, 0.2359059, 0.06354465, 0.9916545, 0.2228225, -0.1870354, 0.8250142, 0.3806699, -0.1337411, 0.6824902, 0.3868445, -0.1250308, 0.6474978, 0.05700872, -0.3001533, 0.8399754, 0.1538311, -0.1340011, 0.4218148, 0.2377413, -0.006536387, 0.1045326, 0.2067249, 0.05333235, -0.01159228, 0.2035997, -0.2926786, 0.8327967, 0.4181371, -0.5617702, 0.6798637, 0.6381361, -0.8389934, 0.5566196, 0.6552163, -0.8037792, 0.4285058, 0.102054, 0.1583134, 1.086913, -0.04878266, -0.1322534, 0.5197388, -0.0763231, -0.1315147, 0.52495, 0.3898469, -0.1296681, 0.5647826, 0.4250518, -0.161639, 0.613,
2.2836368, 0.175041, -0.3008763, 0.8569611, 0.1460728, -0.02553296, 0.9891053, 0.1183528, 0.2246089, 1.100208, 0.1204033, 0.3646928, 1.137228, -0.02224674, 0.07604536, 0.9948083, -0.07175685, -0.05812055, 0.8188522, -0.04104378, -0.1005945, 0.6045234, -0.03592268, -0.1108187, 0.5876864, 0.2499728, 0.06649097, 0.9773792, 0.2285905, -0.1881718, 0.8179401, 0.3822938, -0.1215423, 0.6763474, 0.3898086, -0.1134327, 0.6472176, 0.09175977, -0.2939222, 0.8266199, 0.1962222, -0.1080551, 0.4167001, 0.2817914, 0.03485205, 0.1051721, 0.2492699, 0.0909414, -0.008039884, 0.2435746, -0.2824986, 0.8154185, 0.3734062, -0.6049489, 0.6767219, 0.5109641, -0.9350987, 0.5680987, 0.5212002, -0.9156293, 0.4367972, 0.1250989, 0.1647229, 1.074964, -0.03224382, -0.1238806, 0.518926, -0.06438337, -0.1166667, 0.5262, 0.3888924, -0.118523, 0.5609134, 0.3807271, -0.1550827, 0.6309001,
2.3192381, 0.1795104, -0.2993403, 0.8498835, 0.1546424, -0.02261237, 0.9802935, 0.1323042, 0.229155, 1.088698, 0.1363077, 0.3688036, 1.125688, -0.003320963, 0.083374, 0.9842679, -0.05817301, -0.05601716, 0.8140329, -0.03877686, -0.08413582, 0.6849817, -0.02482551, -0.09612214, 0.6092964, 0.2590714, 0.06685535, 0.9617325, 0.232455, -0.1877369, 0.8026211, 0.3835338, -0.1072184, 0.66545, 0.3933136, -0.103545, 0.6481484, 0.09654071, -0.2909408, 0.818895, 0.1983168, -0.1033219, 0.4088601, 0.2815747, 0.04119489, 0.0965233, 0.2482287, 0.09581535, -0.01610734, 0.2472908, -0.2822286, 0.8090383, 0.389939, -0.5915981, 0.6461865, 0.5400116, -0.9082634, 0.5126821, 0.5472214, -0.8800625, 0.3818887, 0.1376757, 0.1688618, 1.064183, -0.02483612, -0.1133324, 0.5227687, -0.05047273, -0.1067132, 0.558, 0.3845921, -0.1073535, 0.555412, 0.3935166, -0.14523, 0.6303529,
2.3526586, 0.1823174, -0.2988431, 0.8436627, 0.1556567, -0.02237156, 0.9783084, 0.1323261, 0.2291518, 1.088631, 0.1534184, 0.3733479, 1.110946, 0.003446223, 0.08633728, 0.9796543, -0.04664246, -0.04697523, 0.8030731, -0.03125709, -0.07563927, 0.6851361, -0.01497339, -0.08493699, 0.6070837, 0.2580809, 0.06653768, 0.9610888, 0.2229608, -0.1798889, 0.790565, 0.3931622, -0.1135872, 0.5946736, 0.3876697, -0.1068857, 0.5580914, 0.09921901, -0.2887399, 0.8121632, 0.198881, -0.09958656, 0.4021318, 0.280331, 0.04636069, 0.08913266, 0.2486223, 0.1011805, -0.02209124, 0.2499125, -0.2832462, 0.8032649, 0.4463632, -0.5538595, 0.6245514, 0.6497137, -0.8318874, 0.4748663, 0.6606547, -0.79265, 0.3476013, 0.1378217, 0.1688842, 1.06388, -0.01647823, -0.1014277, 0.5224966, -0.04228636, -0.08534092, 0.5814, 0.3659998, -0.1095966, 0.5213366, 0.3562167, -0.117716, 0.5085,
2.3861478, 0.2025265, -0.2932358, 0.8154457, 0.1856249, -0.01295263, 0.9449052, 0.1683432, 0.2404062, 1.053984, 0.1670325, 0.3772476, 1.098159, 0.03238461, 0.0961943, 0.9566911, -0.02966809, -0.04857981, 0.7933945, -0.02283487, -0.06740443, 0.6917452, -0.008571316, -0.07343913, 0.6068887, 0.265608, 0.06554176, 0.9178408, 0.213465, -0.1864345, 0.7718921, 0.3913608, -0.0879427, 0.6692472, 0.3979061, -0.0857769, 0.6487699, 0.1177723, -0.2808203, 0.7843997, 0.225011, -0.08930774, 0.3752622, 0.3086441, 0.05779036, 0.06185782, 0.2712372, 0.110562, -0.04611552, 0.2692762, -0.2800364, 0.7755913, 0.4552321, -0.5765936, 0.6616186, 0.6501846, -0.8816324, 0.5790637, 0.666939, -0.8643789, 0.450743, 0.1728882, 0.1799331, 1.029023, -0.009938348, -0.09220897, 0.5252526, -0.03875508, -0.08988166, 0.6245, 0.3994223, -0.08302317, 0.5812542, 0.4077052, -0.131448, 0.6221579,
2.4173889, 0.2098986, -0.2908762, 0.8031579, 0.1917627, -0.01068672, 0.936402, 0.1738163, 0.2423862, 1.047307, 0.1813142, 0.3812884, 1.082355, 0.04347932, 0.1012522, 0.9460518, -0.01687591, -0.04577414, 0.784043, -0.01300824, -0.05947812, 0.6794148, -0.003838813, -0.06026064, 0.6005462, 0.2687852, 0.06617375, 0.9087344, 0.2093003, -0.1834774, 0.7552146, 0.3984326, -0.07514854, 0.5996714, 0.4194233, -0.05860867, 0.6046103, 0.124286, -0.2775953, 0.7722698, 0.234124, -0.08539415, 0.3632203, 0.3182269, 0.06195975, 0.04954826, 0.2822075, 0.1151755, -0.0563993, 0.2767128, -0.2784656, 0.7632425, 0.4689873, -0.5723969, 0.6614617, 0.6708346, -0.8750964, 0.5915311, 0.6925641, -0.8595452, 0.4650467, 0.178382, 0.1819542, 1.022105, -0.00396741, -0.07863344, 0.5222729, -0.03169774, -0.07789357, 0.5970909, 0.4279464, -0.05279359, 0.6124927, 0.3933046, -0.06484789, 0.5625,
2.4534669, 0.2028813, -0.2840969, 0.7506846, 0.1960012, -0.004181536, 0.9056692, 0.1839196, 0.2465776, 1.031593, 0.1931434, 0.3840372, 1.066243, 0.05942845, 0.1067925, 0.9265602, -0.005726121, -0.04061811, 0.7665998, -0.03431586, -0.07194848, 0.5500535, -0.0003977273, -0.06123601, 0.5356697, 0.2772, 0.0696471, 0.8907974, 0.2398797, -0.1808314, 0.7254027, 0.4065956, -0.08108606, 0.6265616, 0.4052304, -0.06448612, 0.6152144, 0.1155807, -0.2674036, 0.7223268, 0.2144459, -0.1042384, 0.2972155, 0.2880365, 0.02324677, -0.03527229, 0.2527935, 0.08368823, -0.1289905, 0.2707946, -0.2741316, 0.7086738, 0.4781499, -0.5290877, 0.7837578, 0.6978412, -0.7961828, 0.8947495, 0.774238, -0.8391235, 0.8493313, 0.187259, 0.1866571, 1.003457, -0.006585834, -0.06273025, 0.5189523, -0.0120984, -0.06355758, 0.5103333, 0.4270404, -0.03455884, 0.6233328, 0.3885663, -0.08356261, 0.5624211,
2.4860547, 0.2359603, -0.3107092, 0.7947943, 0.2055043, -0.00967264, 0.908052, 0.1917985, 0.2488944, 1.014745, 0.2053462, 0.3866072, 1.047329, 0.07566379, 0.1093279, 0.9060655, -0.02211838, -0.02095845, 0.7476668, 0.0290554, -0.0404061, 0.5338847, 0.009180594, -0.03765962, 0.5257632, 0.2882423, 0.07191524, 0.8706615, 0.2457778, -0.1828635, 0.7130461, 0.4095619, -0.07210527, 0.6217997, 0.4067954, -0.04921348, 0.6152918, 0.1434371, -0.2994782, 0.7588303, 0.2189263, -0.1097501, 0.342809, 0.2801599, 0.03754388, 0.02085651, 0.2413393, 0.0876662, -0.08503017, 0.3073118, -0.2947588, 0.761183, 0.4264589, -0.5153013, 0.4528807, 0.5518665, -0.7405379, 0.1675282, 0.537272, -0.686133, 0.04681636, 0.1944355, 0.1867142, 0.9936176, 0.02168893, -0.03970809, 0.515001, 0.001877913, -0.03585183, 0.5005, 0.4277822, -0.01678913, 0.6272086, 0.3872878, -0.05085034, 0.56388,
2.5206211, 0.259858, -0.2570117, 0.7704902, 0.2235631, 0.003125592, 0.8942031, 0.1997643, 0.2485378, 0.9942493, 0.2164578, 0.3870908, 1.0265, 0.07954042, 0.1139552, 0.8935974, -0.01824098, -0.0005167411, 0.7232836, 0.01482325, -0.02816413, 0.5069625, 0.02602777, -0.03767252, 0.438999, 0.3357915, 0.1016211, 0.8581917, 0.2938526, -0.1275324, 0.7069906, 0.4399213, -0.01765956, 0.587222, 0.4899963, 0.01832565, 0.5507352, 0.1524814, -0.2478836, 0.7432705, 0.2557134, 0.009769321, 0.3653955, 0.3289689, 0.2019979, 0.07779703, 0.294843, 0.2452677, -0.02839841, 0.3428755, -0.2426777, 0.7273744, 0.02078241, -0.2484294, 0.5858858, -0.4046707, -0.2627066, 0.414478, -0.4218375, -0.1968143, 0.2941959, 0.2058525, 0.1899084, 0.9718382, 0.03815675, -0.03958449, 0.4282431, 0.01769327, -0.03551916, 0.4138026, 0.5096364, 0.04970815, 0.5635675, 0.4676526, 0.01441868, 0.5014451,
2.5510398, 0.2529277, -0.320655, 0.7753722, 0.2274694, -0.007932422, 0.8868299, 0.2056192, 0.2529992, 0.9693148, 0.2227677, 0.388017, 1.003664, 0.1024719, 0.1136625, 0.8531981, -0.001869224, 0.005055929, 0.6826465, 0.02572683, -0.02686095, 0.4660841, 0.03525047, -0.03784686, 0.3980106, 0.3159523, 0.07109579, 0.8129705, 0.3108307, -0.1972048, 0.6736133, 0.4116454, -0.01009576, 0.6292359, 0.3959761, 0.005605165, 0.6713166, 0.1564882, -0.3075821, 0.742828, 0.2192795, -0.06240708, 0.3536364, 0.2682273, 0.1272156, 0.05304392, 0.2305812, 0.1648877, -0.05744392, 0.3264185, -0.3053533, 0.7392975, 0.021782, -0.2295774, 0.5800853, -0.3853219, -0.1343858, 0.3827262, -0.3937749, -0.07696401, 0.2578179, 0.2107796, 0.1897182, 0.9536924, 0.04710924, -0.03966998, 0.3872677, 0.02619938, -0.03547138, 0.3728872, 0.4164318, 0.0543882, 0.7141152, 0.4085835, 0.01814113, 0.6144546,
2.5889536, 0.3034053, -0.3032136, 0.7731745, 0.2515498, -0.0112572, 0.8722661, 0.212967, 0.2515987, 0.9459684, 0.2296446, 0.3871565, 0.97817, 0.1009529, 0.1142312, 0.8425274, -0.006545977, 0.01381605, 0.6689011, 0.03001615, -0.01035108, 0.4526585, 0.04262255, -0.01858448, 0.3846925, 0.3457676, 0.08892844, 0.8024453, 0.3700643, -0.1292692, 0.674989, 0.4255771, 0.07720146, 0.6414846, 0.4458373, 0.1452271, 0.6336293, 0.2078188, -0.2970158, 0.7404318, 0.2473357, -0.01416383, 0.3722479, 0.2759683, 0.2005349, 0.09084418, 0.2392264, 0.232066, -0.022857, 0.3725901, -0.2826661, 0.7381551, 0.3347832, -0.1347621, 0.3619552, 0.3074036, 0.0158418, -0.02040179, 0.2585743, 0.0606087, -0.1245126, 0.2226504, 0.1886506, 0.9304664, 0.05425757, -0.02091302, 0.3739296, 0.03302103, -0.01735955, 0.3595415, 0.465554, 0.1918877, 0.6770172, 0.4570155, 0.1533669, 0.5781941,
2.6188674, 0.2328144, -0.3194824, 0.7755303, 0.2376651, -0.01682248, 0.8602324, 0.218982, 0.2514832, 0.9133035, 0.23392, 0.3861091, 0.9502725, 0.1043699, 0.1148716, 0.8100706, -0.005741597, 0.02773231, 0.6308905, -0.04292458, 0.03363471, 0.6347166, 0.03021321, 0.04359526, 0.6416879, 0.3469281, 0.09270803, 0.7867706, 0.3755759, -0.08597391, 0.6507196, 0.4372471, 0.1188585, 0.6390353, 0.4596461, 0.1864175, 0.6384925, 0.1421257, -0.2982388, 0.741998, 0.1910293, -0.0568705, 0.3500152, 0.2311066, 0.1324751, 0.04469767, 0.1970659, 0.1602507, -0.06892345, 0.3022331, -0.3122459, 0.7400523, 0.04225437, -0.1778744, 0.5449794, -0.3118992, 5.199131E-05, 0.2960851, -0.3094837, 0.04484737, 0.1667858, 0.2228051, 0.1873293, 0.9052763, 0.03001609, 0.01207785, 0.5643653, 0.007078082, 0.04190636, 0.53775, 0.4793199, 0.2325073, 0.6820301, 0.4707521, 0.1934069, 0.5834082,
2.6523071, 0.2361512, -0.3206838, 0.7588599, 0.234996, -0.01962141, 0.8325032, 0.2235357, 0.2521333, 0.8847802, 0.2364637, 0.3856278, 0.9209402, 0.1094647, 0.1099671, 0.7788415, 0.03386433, -0.001057295, 0.5949849, 0.04142218, -0.04015959, 0.3777618, 0.04455091, -0.05396159, 0.3093179, 0.3533103, 0.0940695, 0.751688, 0.3783714, -0.1011651, 0.641235, 0.4173826, 0.1083574, 0.5996215, 0.4322436, 0.1775218, 0.5889859, 0.1448063, -0.3000718, 0.7260187, 0.1914809, -0.05937444, 0.3331235, 0.2290736, 0.1298427, 0.02530866, 0.1921814, 0.1557287, -0.08640954, 0.305583, -0.312234, 0.7230468, 0.2994371, -0.132819, 0.3584374, 0.3020506, 0.05134675, -0.01314849, 0.258244, 0.087376, -0.1203353, 0.2267344, 0.1875064, 0.8729868, 0.04374038, -0.08462454, 0.2314885, 0.01909275, -0.04974429, 0.2059076, 0.4518245, 0.2235827, 0.6325954, 0.4431904, 0.1843734, 0.5340583,
2.6844322, 0.2532113, -0.3195491, 0.6998494, 0.2418742, -0.01686259, 0.7886859, 0.2264981, 0.2552731, 0.8538806, 0.2378491, 0.3852033, 0.8890641, 0.1183968, 0.0995857, 0.7413552, 0.1183051, -0.106356, 0.6448262, 0.1092068, -0.133148, 0.425493, 0.1072026, -0.143412, 0.3560053, 0.3541398, 0.0943022, 0.7230671, 0.3784268, -0.1067476, 0.623918, 0.4052383, 0.1064887, 0.5918277, 0.3989023, 0.124312, 0.6772574, 0.1560513, -0.3040695, 0.6699618, 0.07706457, -0.1047041, 0.2674614, 0.0128336, 0.07475208, -0.08402096, -9.713881E-05, 0.09599431, -0.1633558, 0.3253988, -0.3043829, 0.6626517, 0.3045601, -0.1879997, 0.2719529, 0.2866469, -0.06989063, -0.1288285, 0.2476336, -0.01933379, -0.2226512, 0.2304659, 0.1907231, 0.8411651, 0.1050402, -0.1716314, 0.2786079, 0.07855278, -0.1344836, 0.2546306, 0.4035578, 0.127271, 0.673903, 0.3960366, 0.1178392, 0.652,
2.7205192, 0.2873774, -0.3179586, 0.700111, 0.2549213, -0.01564879, 0.7776695, 0.2290041, 0.2589922, 0.8177842, 0.2379036, 0.3888849, 0.858326, 0.1217467, 0.1019225, 0.7204289, 0.1164547, -0.1074791, 0.6316164, 0.1081986, -0.1222293, 0.4112478, 0.1065459, -0.1284547, 0.3414459, 0.355945, 0.0997832, 0.6944717, 0.3770889, -0.1062348, 0.6054171, 0.3890108, 0.1099054, 0.5866295, 0.3824033, 0.1385093, 0.6543905, 0.1879424, -0.3063268, 0.6676018, 0.08548195, -0.1081045, 0.2700666, -9.63319E-05, 0.07159448, -0.07717188, -0.01360883, 0.08586076, -0.1588242, 0.3595707, -0.2993573, 0.6666865, 0.3767253, -0.1528427, 0.2844814, 0.3960235, -0.005908289, -0.09942497, 0.3528121, 0.03253136, -0.2007075, 0.2367156, 0.1937923, 0.812349, 0.1043271, -0.1570017, 0.2639671, 0.07761479, -0.1200699, 0.2399458, 0.3788683, 0.1607258, 0.6677148, 0.3937467, 0.133691, 0.6279092,
2.7531951, 0.2964673, -0.3135584, 0.6901478, 0.2658929, -0.009168921, 0.7501287, 0.2292448, 0.2648458, 0.7830662, 0.2391873, 0.3957936, 0.8182114, 0.1239634, 0.1088787, 0.6905448, 0.118195, -0.1034996, 0.6081439, 0.1102348, -0.103779, 0.3874054, 0.1088423, -0.1050897, 0.3175016, 0.3422679, 0.1011499, 0.6636476, 0.3755319, -0.103444, 0.5744208, 0.3677759, 0.1138784, 0.5699478, 0.3657071, 0.1506786, 0.627386, 0.1980923, -0.3023328, 0.658884, 0.1009434, -0.1001388, 0.2618094, 0.0227296, 0.08114617, -0.08324105, 0.001590236, 0.09127854, -0.1673396, 0.3662634, -0.2947849, 0.6556672, 0.3712083, -0.1543664, 0.270913, 0.3778697, -0.01313005, -0.1167638, 0.3338709, 0.02147475, -0.2174762, 0.2391032, 0.2003499, 0.7766106, 0.1064553, -0.1342054, 0.2399161, 0.07918809, -0.09767805, 0.2158942, 0.3684767, 0.1920722, 0.6516004, 0.4013703, 0.1490399, 0.6046667,
2.7867791, 0.3037957, -0.3073991, 0.6685679, 0.2680179, -0.003742904, 0.7229918, 0.2263615, 0.2699399, 0.7491475, 0.2572638, 0.3875266, 0.7407028, 0.1204391, 0.1143401, 0.6648587, 0.1333101, -0.09437604, 0.5719285, 0.1169655, -0.06070288, 0.3544821, 0.113096, -0.05014523, 0.2857674, 0.3372886, 0.1051808, 0.6298768, 0.3553433, -0.1097141, 0.564289, 0.3506878, 0.1080993, 0.549815, 0.3520509, 0.1514808, 0.5914716, 0.2054934, -0.2953804, 0.6406795, 0.1019324, -0.1019126, 0.2411543, 0.01490212, 0.06936905, -0.1095393, -0.007208327, 0.0822717, -0.1888876, 0.3717449, -0.2895276, 0.631016, 0.354337, -0.144037, 0.2486457, 0.3373389, 0.003617605, -0.1396695, 0.2895792, 0.03437476, -0.2372782, 0.2372286, 0.2054084, 0.7458452, 0.1105357, -0.08084414, 0.2081132, 0.08210792, -0.0461544, 0.1837888, 0.3566379, 0.1892505, 0.6086383, 0.3929485, 0.1676598, 0.5703999,
2.8167226, 0.329066, -0.2888602, 0.6382796, 0.2821751, 0.008168247, 0.6885848, 0.2314882, 0.2761371, 0.7093788, 0.2698941, 0.3121697, 0.6544636, 0.1251101, 0.1215969, 0.6209119, 0.1452908, -0.09515612, 0.5507224, 0.1231219, -0.03000774, 0.3408344, 0.1174257, -0.008308806, 0.2745763, 0.3424521, 0.1107461, 0.5901399, 0.3938336, -0.1018946, 0.5475392, 0.383034, 0.1142459, 0.5120918, 0.3585086, 0.1619543, 0.5597842, 0.2336245, -0.2775957, 0.6096532, 0.1124722, -0.1067889, 0.2046689, 0.005997869, 0.04306431, -0.1503907, -0.01207532, 0.06315131, -0.2260656, 0.3909805, -0.271349, 0.6030208, 0.3506585, -0.1448872, 0.2152793, 0.3084553, -0.01583093, -0.1796245, 0.2637833, 0.01445602, -0.2734857, 0.2444755, 0.2132825, 0.7066692, 0.1148565, -0.04019346, 0.1971059, 0.08569586, -0.007625908, 0.1725631, 0.3606737, 0.2036794, 0.5714801, 0.3770832, 0.1871827, 0.5442001,
2.852538, 0.3384516, -0.275115, 0.5963441, 0.2906582, 0.01033699, 0.6426156, 0.2378934, 0.2649342, 0.6603577, 0.2848703, 0.2626142, 0.6090398, 0.1307614, 0.1099435, 0.5762815, 0.3446015, 0.08079673, 0.5455186, 0.3181649, 0.02967038, 0.3312743, 0.312081, 0.01282701, 0.2624866, 0.3495189, 0.0986696, 0.5403113, 0.3990394, -0.1158175, 0.5105562, 0.3878087, 0.1004238, 0.4712507, 0.3511716, 0.1556633, 0.5290123, 0.2452775, -0.264393, 0.5500469, 0.1414681, -0.1428356, 0.1782312, 0.01947255, -0.001906081, -0.2310369, -0.001930663, 0.02635339, -0.3057563, 0.3945822, -0.260554, 0.5833985, 0.3613122, -0.1638006, 0.1845808, 0.3241226, -0.06510593, -0.2170078, 0.2797575, -0.03285396, -0.3096077, 0.2512478, 0.205592, 0.6590092, 0.3052738, -0.01882805, 0.1872416, 0.2711178, 0.01203867, 0.1673198, 0.3539575, 0.1917508, 0.5237802, 0.3559289, 0.1880161, 0.5076667,
2.8843342, 0.2291836, -0.2629799, 0.5401159, 0.1926388, -0.01607872, 0.5914952, 0.1534169, 0.2013681, 0.6147452, 0.2663037, 0.2786709, 0.6590449, 0.04429614, 0.0433406, 0.5280045, 0.1775681, 0.1635445, 0.6228563, 0.2040641, 0.1374386, 0.4044321, 0.214685, 0.1298911, 0.3348591, 0.266881, 0.03302111, 0.4947064, 0.3175451, -0.1808226, 0.4568968, 0.2360042, 0.09690209, 0.5223809, 0.2191133, 0.1715645, 0.5467904, 0.08262469, -0.2491937, 0.5199849, 0.01607886, -0.2064056, 0.1096552, -0.05187555, -0.1277041, -0.3112367, -0.06054424, -0.08288821, -0.3888626, 0.3446254, -0.2440076, 0.4931229, 0.2737965, -0.2161256, 0.08118322, 0.1909259, -0.1780379, -0.3245583, 0.1591313, -0.1328026, -0.4076306, 0.1632658, 0.1508972, 0.6116787, 0.2106944, 0.09592924, 0.2588564, 0.1799755, 0.1221756, 0.2357966, 0.2035406, 0.2298854, 0.5713806, 0.2494319, 0.1757671, 0.5183793,
2.9210383, 0.2055808, -0.3111719, 0.422147, 0.1852954, -0.04499184, 0.5179189, 0.1586289, 0.1865184, 0.5818536, 0.274428, 0.260752, 0.6056421, 0.04908012, 0.02746787, 0.4953212, 0.1930496, 0.2517213, 0.5917869, 0.3979566, 0.2457266, 0.5275943, 0.4669731, 0.2451736, 0.5096887, 0.2727845, 0.01713444, 0.460963, 0.3224513, -0.1966238, 0.4228736, 0.2406101, 0.07519335, 0.5100738, 0.2114296, 0.1973222, 0.5426112, 0.0635459, -0.2944852, 0.4151552, 0.01477139, -0.2032528, -0.00694692, -0.03435623, -0.06896456, -0.3995688, -0.04325436, -0.01588119, -0.4692747, 0.3154696, -0.2829192, 0.3684656, 0.2698705, -0.2075033, -0.05226538, 0.2127051, -0.1258835, -0.4421307, 0.1854135, -0.0716538, -0.5167582, 0.1660829, 0.131329, 0.5643986, 0.4610853, 0.2111794, 0.4349755, 0.4291942, 0.2368658, 0.4132419, 0.1914919, 0.2331103, 0.5600615, 0.2400699, 0.1792012, 0.5018462,
